,Name of Recipe,Recipe Type,difficulty level,cooking time
0,Ragi Dosa Recipe | Nachni Dosa,Breakfast Recipes,Moderate,9 hrs 30 mins
1,"Navratri 2023 | Navratri Fasting Rules, Recipes & Pooja Vidhi",Navratri & Fasting Recipes,,
2,Taco Recipe | Vegetarian Tacos,Mexican Recipes,Moderate,30 mins
3,Fried Breadfruit Recipe,Vegetable Recipes,Moderate,25 mins
4,Mor Kulambu Recipe | Mor Kuzhambu,Curry Recipes,Moderate,30 mins
5,Pumpkin Bread (Eggless & with Whole Wheat Flour),Bread Recipes,Easy,1 hr 15 mins
6,Churumuri Recipe (Puffed Rice Snacks),Street Food Recipes,Easy,10 mins
7,Sem Ki Sabji | Surti Papdi Recipe | Valor Papdi Shaak,Vegetable Recipes,Moderate,30 mins
8,Allam Pachadi | Ginger Chutney | Allam Chutney,Chutney Recipes,Easy,15 mins
9,Papdi Bhaji Recipe,Vegetable Recipes,Moderate,35 mins
10,Panna Cotta Recipe | How to make Panna Cotta,Dessert Recipes,Moderate,15 mins
11,Eggless Waffles Recipe | Fluffy Whole Wheat Waffles,Breakfast Recipes,Moderate,25 mins
12,Ragi Dosa Recipe | Nachni Dosa,Breakfast Recipes,Moderate,9 hrs 30 mins
13,"Navratri 2023 | Navratri Fasting Rules, Recipes & Pooja Vidhi",Navratri & Fasting Recipes,,
14,Taco Recipe | Vegetarian Tacos,Mexican Recipes,Moderate,30 mins
15,Fried Breadfruit Recipe,Vegetable Recipes,Moderate,25 mins
16,Mor Kulambu Recipe | Mor Kuzhambu,Curry Recipes,Moderate,30 mins
17,Pumpkin Bread (Eggless & with Whole Wheat Flour),Bread Recipes,Easy,1 hr 15 mins
18,Churumuri Recipe (Puffed Rice Snacks),Street Food Recipes,Easy,10 mins
19,Sem Ki Sabji | Surti Papdi Recipe | Valor Papdi Shaak,Vegetable Recipes,Moderate,30 mins
20,Allam Pachadi | Ginger Chutney | Allam Chutney,Chutney Recipes,Easy,15 mins
21,Papdi Bhaji Recipe,Vegetable Recipes,Moderate,35 mins
22,Panna Cotta Recipe | How to make Panna Cotta,Dessert Recipes,Moderate,15 mins
23,Eggless Waffles Recipe | Fluffy Whole Wheat Waffles,Breakfast Recipes,Moderate,25 mins
24,Potol Recipe | Bengali Aloo Potol,Bengali Recipes,Moderate,30 mins
25,Scallion Pancakes | Green Onion Pancake | Chinese Pancakes,World Recipes,Moderate,40 mins
26,Cherry Tomato Salad,Salad Recipes,Easy,10 mins
27,Singara Recipe | Bengali Shingara,Bengali Recipes,Moderate,1 hr 15 mins
28,Homemade Refried Beans Recipe From Scratch,Mexican Recipes,Moderate,9 hrs 30 mins
29,Ragi Malt | Healthy Ragi Java | Ragi Porridge,Breakfast Recipes,Easy,15 mins
30,Avarakkai Poriyal | Avarakkai Recipe,Tamil Nadu Food,Easy,35 mins
31,Vazhakkai Fry | Vazhakkai Varuval,Tamil Nadu Food,Moderate,25 mins
32,Onam Sadhya | 32 Onam Sadya Recipes 2023,DIY & Collections,,
33,Masala Bread | Easy Bread Masala,Bread Snacks,Easy,15 mins
34,Oatmeal Cookies | Oatmeal Raisin Cookies,Cookies,Moderate,30 mins
35,Fresh Pomegranate Juice (Anar Juice),Juices,Moderate,15 mins
36,Chilli Gobi (Cauliflower Chilli),Indo Chinese Recipes,Moderate,1 hr
37,Madra Recipe | Himachali Rajma Madra Recipe,Dal (Lentils) & Legumes,Moderate,40 mins
38,Tiramisu Recipe (Without Eggs),Dessert Recipes,Moderate,45 mins
39,Creamy Instant Pot Rice Pudding,Instant Pot,Easy,30 mins
40,Vatha Kulambu | Vatha Kuzhambu,Tamil Nadu Food,Easy,30 mins
41,Bobbatlu Recipe | Obbattu Recipe | Holige Recipe,Sweets Recipes,Moderate,1 hr 30 mins
42,Easy Pineapple Upside Down Cake (Eggless),Cake Recipes,Easy,1 hr
43,Garlic Breadsticks Recipe | Cheese Breadsticks,Bread Recipes,Moderate,1 hr 30 mins
44,Majjige Saaru | Majjiga Charu | Mor Rasam,South Indian Food,Moderate,20 mins
45,Cham Cham Sweet Recipe | Bengali Chum Chum Recipe,Bengali Recipes,Moderate,40 mins
46,How To Clean Banana Flower (Vazhaipoo),DIY & Collections,Easy,45 mins
47,Shri Ram Navami Recipes 2023,DIY & Collections,,
48,Fried Noodles (DIY) | How To Make Crispy Fried Noodles,Indo Chinese Recipes,Moderate,25 mins
49,Pesto Pizza with Whole Wheat Flour,Italian Recipes,Easy,20 mins
50,Kovakkai Poriyal,Vegetable Recipes,Easy,30 mins
51,Majjiga | Sambaram | Neer Mor,Beverages,Moderate,10 mins
52,Masala Chaas Recipe (North Indian Buttermilk),Beverages,Easy,10 mins
53,Turmeric Milk | Golden Milk (Haldi Doodh),Beverages,Easy,3 mins
54,Instant Dosa Recipe | Instant Dosa Mix,DIY & Collections,Moderate,30 mins
55,Refreshing Pear Juice Recipe,Juices,Easy,10 mins
56,Ennai Kathirikai Kulambu,Brinjal Recipes,Moderate,40 mins
57,Chilli Potato,Indo Chinese Recipes,Moderate,40 mins
58,Panakam Recipe | Panagam Recipe for Ram Navami Festival,Beverages,Easy,10 mins
59,Ugadi Pachadi,Andhra Recipes,Easy,10 mins
60,White Sauce Recipe | Béchamel Sauce (Homemade & Easy),DIY & Collections,Moderate,15 mins
61,Jackfruit Payasam | Chakka Payasam,Sweets Recipes,Moderate,30 mins
62,Nannari Sarbath | Nannari Syrup | Nannari Sharbat,Beverages,Easy,30 mins
63,Cheesecake Recipe | New York Style Cheesecake,Dessert Recipes,Moderate,1 hr
64,Lemon Coriander Soup,Soup Recipes,Easy,30 mins
65,Sandwich Bread (Classic and Homemade),Bread Recipes,Moderate,2 hrs 35 mins
66,Stuffed Mushrooms Recipe (Wholesome & Easy),Mushroom Recipes,Moderate,45 mins
67,Vanilla Ice Cream (Easy Classic Recipe),World Recipes,Moderate,30 mins
68,Arhar Dal | Toor Dal | Tuvar Dal,North Indian Food,Moderate,35 mins
69,Poornam Boorelu | Andhra Poornalu Recipe (Boorelu),Sweets Recipes,Moderate,40 mins
70,Tinda Recipe | Bharwa Tinda Recipe,North Indian Food,Moderate,25 mins
71,Zarda Recipe | Meethe Chawal (Indian Sweet Rice),Rice Recipes,Moderate,50 mins
72,Bhogichi Bhaji Recipe,Maharashtrian Recipes,,20 mins
73,Kung Pao Recipe | Kung Pao Vegetables,Vegan Recipes,Moderate,30 mins
74,Kalan Recipe | Kerala Kalan Curry,Kerala Recipes,Moderate,30 mins
75,Litti Chokha Recipe | Litti Recipe,North Indian Food,Moderate,1 hr 45 mins
76,Thai Yellow Curry Recipe,Thai Recipes,Moderate,45 mins
77,Leftover Rice Recipes | 23 recipes with leftover rice,Rice Recipes,,
78,Iced Tea Recipe | Lemon Iced Tea,Beverages,Easy,10 mins
79,Lava Cake | Eggless Chocolate Lava Cake,Cake Recipes,Moderate,45 mins
80,Olan Recipe | Kerala Olan Curry,Vegan Recipes,Moderate,40 mins
81,Eggless Brownie Recipe | Chocolate Brownie,Dessert Recipes,Moderate,40 mins
82,Besan Ki Barfi,Sweets Recipes,Moderate,30 mins
83,Thalipeeth Recipe,Breakfast Recipes,Moderate,25 mins
84,Rough Puff Pastry (Easy Foolproof Recipe),DIY & Collections,Moderate,1 hr
85,Biryani Recipe | Hyderabadi Veg Dum Biryani | Vegetable Biryani,Rice Recipes,Difficult,1 hr 30 mins
86,Sabudana Papad | Javvarisi Vadam | Saggubiyyam Vadiyalu,DIY & Collections,Easy,3 hrs 30 mins
87,Puttu Recipe | How To Make Kerala Puttu,Breakfast Recipes,Moderate,20 mins
88,Mushroom Stir Fry (One Pot Indian Style),Mushroom Recipes,Easy,30 mins
89,Strawberry Cream | Easy Strawberries and Cream,Dessert Recipes,Easy,15 mins
90,Goli Baje | Mangalore Bajji | Mangalore Bonda,Pakora Recipes,Moderate,3 hrs 20 mins
91,Potato Wedges Recipe – Fried & Baked,Snacks Recipes,Moderate,30 mins
92,Rava Recipes | 28 Suji Recipes,DIY & Collections,,
93,Kada Prasad Recipe | Gurudwara Karah Prasad Recipe,North Indian Food,,30 mins
94,Poosanikai Kootu | Poricha Kootu | White Pumpkin Kootu,South Indian Food,Moderate,30 mins
95,30 Best South Indian Breakfast Recipes,Breakfast Recipes,,
96,Bhakarwadi Recipe | Bakarwadi Recipe,Vegan Recipes,,55 mins
97,Raj Kachori,North Indian Food,Moderate,40 mins
98,Sattu Drink | Sattu Sharbat,Beverages,,5 mins
99,Kootu Curry | Koottukari Recipe,Vegan Recipes,Moderate,40 mins
100,Karachi Halwa | Bombay Halwa,Halwa,,20 mins
101,Ginger Garlic Paste Recipe,DIY & Collections,Moderate,40 mins
102,Idiyappam Recipe | Nool Puttu,Kerala Recipes,Moderate,20 mins
103,Best Thin Crust Pizza (Crispy Crunchy and Light Pizza Crust),Italian Recipes,Easy,2 hrs 25 mins
104,Cherry Smoothie | Banana Cherry Smoothie,Smoothie,Easy,25 mins
105,Noodle Soup | Vegetable Noodle Soup,Soup Recipes,Moderate,30 mins
106,Instant Idli Recipe | Instant Idli Mix,Breakfast Recipes,Moderate,30 mins
107,Pumpkin Soup Recipe,Soup Recipes,Easy,30 mins
108,Kulkul Recipe | Eggless Kalkal Recipe,Sweets Recipes,Moderate,40 mins
109,malai kulfi recipe | how to make malai kulfi | matka kulfi,Dessert Recipes,,40 mins
110,Ulli Theeyal,Kerala Recipes,Moderate,50 mins
111,Sattu Ke Laddu | Sattu Ladoo,Ladoo Recipes,Easy,15 mins
112,jigarthanda recipe | jigarthanda drink | how to make jigarthanda recipe,Beverages,Moderate,5 mins
113,Kotte Kadubu | Kadubu Idli,Breakfast Recipes,Moderate,9 hrs 15 mins
114,Ennegayi Recipe | Badanekayi Ennegayi,Brinjal Recipes,Moderate,50 mins
115,Chana Dal Sundal | Kadalai Paruppu Sundal,Dal (Lentils) & Legumes,Moderate,1 hr 35 mins
116,pumpkin sambar | poosanikai sambar,Tamil Nadu Food,Moderate,40 mins
117,Mishti Doi,Sweets Recipes,Moderate,35 mins
118,Bruschetta Recipe | Tomato Bruschetta Bread,Bread Snacks,Easy,10 mins
119,Katori Chaat Recipe | Tokri Chaat,Gluten Free Recipes,Moderate,45 mins
120,Kofta Recipe | Veg Kofta Curry,Curry Recipes,Difficult,1 hr
121,Aloo Chop Recipe | Alur Chop | Aloor Chop,Street Food Recipes,Moderate,40 mins
122,Ulli Vada,Pakora Recipes,Moderate,40 mins
123,Kuska Rice | Kuska Biryani | Kuska Recipe,Rice Recipes,Moderate,35 mins
124,Aloo Chokha,Potato Recipes,Easy,20 mins
125,Kashi Halwa | Dumroot Halwa | Ash Gourd Halwa,Halwa,Moderate,40 mins
126,Unniyappam Recipe | Unni Appam,Snacks Recipes,Moderate,3 hrs 50 mins
127,Chhena Poda Recipe | Chenna Poda,Sweets Recipes,Moderate,40 mins
128,Indian Kachumber Salad (Cucumber Tomato Onion Salad),Salad Recipes,Easy,15 mins
129,Aval Laddu | Poha Laddu,Sweets Recipes,Moderate,15 mins
130,Cream Cheese Sandwich (With Mix Veggies),Bread Snacks,Easy,20 mins
131,Biryani Masala Recipe | Homemade Biryani Masala Powder,Spice Mix,Moderate,15 mins
132,Colocasia Leaves Recipe | Alu Chi Bhaji,Maharashtrian Recipes,Moderate,1 hr 10 mins
133,Kara Boondi Recipe | Masala Boondi Mixture,Evening Snacks,Moderate,45 mins
134,Double Ka Meetha Recipe,Sweets Recipes,Moderate,30 mins
135,Oats Uttapam (Instant & Healthy),Breakfast Recipes,Moderate,40 mins
136,Milagu Rasam | Pepper Rasam,South Indian Food,Moderate,45 mins
137,Ellu Sadam | Sesame Rice,Rice Recipes,,35 mins
138,Instant Mango Pickle | Manga Achar | Kadumanga Achar,Pickle Recipes,Moderate,12 mins
139,Singapore Noodles – Veg Singapore Mei Fun,Gluten Free Recipes,Easy,30 mins
140,Maddur Vada,Karnataka Recipes,Moderate,30 mins
141,Veg Lollipop Recipe,Snacks Recipes,Moderate,45 mins
142,Aloo Bhaja,Bengali Recipes,Moderate,15 mins
143,Chanar Dalna,Bengali Recipes,Moderate,40 mins
144,Rishi Panchami Bhaji | Rushichi Bhaji,Vegan Recipes,Moderate,1 hr
145,Badam Kheer,Sweets Recipes,Moderate,50 mins
146,Easy Jeera Aloo Recipe in 30 minutes,Potato Recipes,Moderate,30 mins
147,Garlic Bread Recipe,Bread Snacks,Easy,15 mins
148,Akkha Masoor (Kolhapuri Style),Dal (Lentils) & Legumes,Moderate,40 mins
149,Pori Urundai Recipe | Murmura Laddu,Sweets Recipes,Moderate,20 mins
150,Poori Sagu | Bombay Sagu | Potato Sagu,Potato Recipes,Moderate,50 mins
151,Chinese Mushroom In Spicy Sauce,Mushroom Recipes,Moderate,25 mins
152,Mango Cake Recipe (Eggless + Whole Wheat),Cake Recipes,Moderate,1 hr 5 mins
153,Rava Uttapam | Suji Uttapam,Breakfast Recipes,Easy,45 mins
154,Sprouts Chaat,Snacks Recipes,Easy,30 mins
155,Honey Cake (Bakery Style),Cake Recipes,Easy,50 mins
156,Gingerbread Cookies,Cookies,Moderate,35 mins
157,Idli Podi Recipe,Spice Mix,,15 mins
158,Gutti Vankaya | Gutti Vankaya Kura | Gutti Vankaya Curry,Brinjal Recipes,Moderate,40 mins
159,Shepu Bhaji | Suva Bhaji,Vegetable Recipes,Moderate,35 mins
160,Handvo Recipe,Gujarati Recipes,Moderate,8 hrs 50 mins
161,Poricha Kulambu | Poricha Kuzhambu,Curry Recipes,Moderate,30 mins
162,Paruppu Payasam | Moong Dal Payasam | Pasi Paruppu Payasam,Sweets Recipes,Moderate,20 mins
163,Aloo Bhujia | Aloo Sev,Evening Snacks,Moderate,50 mins
164,American Chop Suey Recipe,Indo Chinese Recipes,Moderate,40 mins
165,Dry Fruit Barfi | Date Rolls | Dry Fruit Halwa,Sweets Recipes,Moderate,25 mins
166,Dry Jamun | Dry Gulab Jamun,Sweets Recipes,Moderate,45 mins
167,Kele ka Kofta | Banana Kofta,Navratri & Fasting Recipes,Moderate,30 mins
168,Spring Roll Sheets | Spring Roll Wrappers Recipe,DIY & Collections,Moderate,50 mins
169,Pudina Rice | Spicy Pudina Pulao (Mint Rice),Rice Recipes,Moderate,45 mins
170,Shorba | Biryani Gravy | Sherva Recipe,Curry Recipes,Moderate,30 mins
171,Tom Yum Soup,Soup Recipes,Moderate,30 mins
172,Garlic Cheese Bread,Bread Snacks,Moderate,15 mins
173,Tomato Khejur Chutney | Bengali Tomato And Date Chutney,Chutney Recipes,Moderate,20 mins
174,Ragi Laddu | Nachni Ladoo,Ladoo Recipes,Easy,15 mins
175,Turai ki Sabji | Ridge Gourd Recipe | Dodka Bhaji,Vegetable Recipes,Moderate,50 mins
176,Lilva Kachori,Snacks Recipes,Difficult,50 mins
177,Lasaniya Batata Recipe,Potato Recipes,Moderate,50 mins
178,Garlic Rasam | Poondu Rasam,Tamil Nadu Food,Moderate,35 mins
179,Kara Kuzhambu | Kara Kulambu,Tamil Nadu Food,Moderate,50 mins
180,Eggplant Parmesan | Eggplant Parmigiana,Italian Recipes,Moderate,50 mins
181,Potato Chips Recipe | Potato Wafers,Potato Recipes,Moderate,40 mins
182,Aval Payasam | Poha Kheer,Gluten Free Recipes,,20 mins
183,Fafda Recipe,Vegan Recipes,,30 mins
184,Peanut Rice,Rice Recipes,Moderate,30 mins
185,Cream of Tomato Soup,Soup Recipes,Easy,20 mins
186,Dahi Bhalla,Punjabi Recipes,,5 hrs 30 mins
187,Paneer Popcorn | Paneer Nuggets,Snacks Recipes,,30 mins
188,Gatte Ki Sabji Recipe,Curry Recipes,Moderate,45 mins
189,Gajar Ki Barfi | Carrot Burfi,Sweets Recipes,Moderate,35 mins
190,Vazhakkai Poriyal | Raw Banana Poriyal,Vegan Recipes,Easy,25 mins
191,Golgappa Recipe (Delhi Style) | Golgappa Pani,Street Food Recipes,Moderate,25 mins
192,Vegetable Chop Recipe | Bengali Style Veg Chop,Street Food Recipes,,50 mins
193,Brinjal Chutney | Vankaya Chutney,Chutney Recipes,Moderate,25 mins
194,Ragi Roti | Nachni Roti,Indian Breads,,40 mins
195,Peanut Chutney Recipe | Groundnut Chutney,Chutney Recipes,Moderate,20 mins
196,Pina Colada Recipe (Mocktail Drink),Beverages,Moderate,15 mins
197,Cabbage Poriyal,Cabbage Recipes,Easy,40 mins
198,Badam Ladoo | Easy Almond Laddu,Ladoo Recipes,Moderate,10 mins
199,Vegetarian Lasagna Recipe | Mushroom Spinach Lasagna,Pasta Recipes,Moderate,50 mins
200,Bendakaya Pulusu | Bendakaya Curry,Okra Recipes,,50 mins
201,"Veg Kabab Recipe, How to make Kebab Recipe (2 Ways)",Snacks Recipes,Moderate,35 mins
202,Tomato Thokku Recipe (Thakkali Thokku),Condiments,Moderate,40 mins
203,Rasmalai Recipe | Rasmalai Sweet,Sweets Recipes,Moderate,50 mins
204,Cheese Roll | Bread Cheese Roll,Bread Snacks,Moderate,35 mins
205,Veg Fried Rice Recipe,Rice Recipes,Moderate,45 mins
206,Lohri Recipes | 30 Lohri Festival Recipes 2023,DIY & Collections,,
207,Oats Porridge Recipe | Oatmeal Porridge,Breakfast Recipes,Easy,6 mins
208,Vanilla Extract Recipe | How to make Vanilla Extract,DIY & Collections,Easy,5 mins
209,Onion Bajji | Vengaya Bajji,Pakora Recipes,Moderate,25 mins
210,Til Ke Laddu | Sesame Laddu,Ladoo Recipes,Difficult,20 mins
211,Peanut Chikki Recipe (Peanut Gajak),Sweets Recipes,Difficult,25 mins
212,Papaya Chutney | Papaya Sambharo,Chutney Recipes,Moderate,15 mins
213,Vellarikka Pachadi | Kerala Cucumber Pachadi,Raita Recipes,Moderate,15 mins
214,Thayir Vadai | Curd Vada,Tamil Nadu Food,Moderate,9 hrs 30 mins
215,Curd Rice | Thayir Sadam | Daddojanam Recipe,Rice Recipes,Moderate,20 mins
216,Pazham Pori | Banana Fritters,Street Food Recipes,Moderate,40 mins
217,Makar Sankranti Recipes | 30 Sankranti Recipes 2023,DIY & Collections,,
218,Sweet Corn Sundal,Tamil Nadu Food,,20 mins
219,Pongal Festival Recipes | 46 Pongal Food Recipes 2023,DIY & Collections,,
220,Ven Pongal Recipe | Khara Pongal | Ghee Pongal,South Indian Food,Moderate,25 mins
221,Sweet Pongal | Festive Sakkarai Pongal | Chakkara Pongal,Sweets Recipes,Moderate,20 mins
222,Macaroni Recipe | Indian style Macaroni Pasta,Pasta Recipes,Moderate,30 mins
223,Hung Curd | How To Make Greek Yogurt,DIY & Collections,Moderate,5 hrs
224,Strawberry Mousse Recipe,Dessert Recipes,Easy,15 mins
225,Aloo Methi Recipe,Vegetable Recipes,Moderate,40 mins
226,Applesauce Recipe (Unsweetened),DIY & Collections,Moderate,20 mins
227,Kantola Sabji | Kakrol Fry | Spiny Gourd Recipe,Vegetable Recipes,Moderate,30 mins
228,"sprouts curry recipe, how to make mixed sprouts curry | mixed sprouts recipe",Dal (Lentils) & Legumes,Moderate,35 mins
229,Aloo Kofta,Potato Recipes,,1 hr 5 mins
230,Nevri Recipe,Sweets Recipes,Moderate,40 mins
231,Kanchipuram Idli | Kovil Idli,South Indian Food,,9 hrs 20 mins
232,Ladies Finger Curry | Bhindi Curry,Curry Recipes,Moderate,50 mins
233,Instant Pot Gajar Halwa,Instant Pot,,50 mins
234,Urad Dal Recipe,Dal (Lentils) & Legumes,Easy,4 hrs 10 mins
235,Red Coconut Chutney (Kerala Style),Chutney Recipes,Moderate,15 mins
236,Sev Tamatar ki Sabji | Sev Tameta Nu Shaak,Curry Recipes,Moderate,30 mins
237,Jhal Muri,Bengali Recipes,Easy,15 mins
238,Bread Halwa Recipe,Halwa,Moderate,30 mins
239,Radhaballavi Recipe | Dal Puri | Radhaballabhi Recipe,Bengali Recipes,Moderate,9 hrs 30 mins
240,Bread Pudding | Caramel Bread Pudding,Dessert Recipes,Moderate,40 mins
241,nolen gurer payesh | bengali rice payesh,Sweets Recipes,Moderate,1 hr
242,Green Chutney Recipe (Hari Chatni),Chutney Recipes,Moderate,15 mins
243,Dosa Recipe | Dosa Batter Recipe for Perfect Plain Dosa,Breakfast Recipes,Moderate,9 hrs 30 mins
244,Panjiri Recipe,North Indian Food,Moderate,25 mins
245,Butter Naan,Indian Breads,Moderate,2 hrs 30 mins
246,Mirchi Vada | Mirchi Bada,Pakora Recipes,,50 mins
247,Barfi Recipe | Khoya Barfi | Mawa Barfi,Sweets Recipes,Moderate,20 mins
248,Punugulu Recipe,Street Food Recipes,Moderate,30 mins
249,Tamarind Rice | Puliyodharai Recipe,Rice Recipes,Moderate,1 hr
250,Kara Chutney (Tamil Nadu Style),Chutney Recipes,Moderate,20 mins
251,Kesari Bath,Sweets Recipes,Moderate,20 mins
252,Indian Flour Names,DIY & Collections,,
253,Vada Pav Recipe (Mumbai Style),Maharashtrian Recipes,Moderate,50 mins
254,Pav Recipe | Ladi Pav | Pav Bread,Indian Breads,Moderate,1 hr 55 mins
255,Vazhaipoo Vadai | Banana Flower Recipe,Tamil Nadu Food,Moderate,3 hrs 30 mins
256,Veg Cheese Sandwich,Bread Snacks,Moderate,40 mins
257,Chinese Pakoda | Cabbage Manchurian,Street Food Recipes,Moderate,30 mins
258,Dum Aloo Banarasi,Potato Recipes,Moderate,50 mins
259,Snake Gourd Recipe | Padwal Bhaji | Chichinda ki sabji,Vegetable Recipes,Moderate,25 mins
260,Milk Masala Powder | Masala Dudh Powder,Condiments,Moderate,10 mins
261,Bread Gulab Jamun,Sweets Recipes,Moderate,30 mins
262,Goda Masala Recipe,Spice Mix,Moderate,30 mins
263,Masala Khichdi | Vegetable Khichdi,North Indian Food,Moderate,30 mins
264,Sweet Potato Chaat | Shakarkandi Chaat,Navratri & Fasting Recipes,Easy,15 mins
265,Chilli Idli,Evening Snacks,Moderate,20 mins
266,Meethi Seviyan | Sweet Vermicelli | Dry Seviyan,Sweets Recipes,Moderate,25 mins
267,Veg Sagu | Vegetable Sagu,Karnataka Recipes,Moderate,55 mins
268,Red Sauce Pasta,Pasta Recipes,Easy,40 mins
269,Calzone Recipe | Pizza Pockets | Calzone Pocket (Vegetarian),Bread Recipes,Moderate,1 hr 40 mins
270,Khara Bath,Breakfast Recipes,Moderate,30 mins
271,Bisi Bele Bath Recipe (Karnataka Style),Rice Recipes,Moderate,1 hr 20 mins
272,Kachori Recipe | Khasta Kachori,Snacks Recipes,Moderate,2 hrs 45 mins
273,Mushroom 65,Hyderabadi Recipes,,25 mins
274,Beetroot Rasam,South Indian Food,Moderate,25 mins
275,Idli Manchurian,Snacks Recipes,Moderate,20 mins
276,Bread and Butter Pudding (Without Eggs),Dessert Recipes,Moderate,1 hr 5 mins
277,Aval Upma | Poha Upma,Breakfast Recipes,Moderate,30 mins
278,Bisi Bele Bath Powder,Spice Mix,Moderate,30 mins
279,Kathi Roll | How to make Veg Kathi Roll,Street Food Recipes,Moderate,50 mins
280,vegetables name | indian vegetables name in english | list of vegetables,DIY & Collections,,
281,Potato Stew,Potato Recipes,Easy,30 mins
282,Bread Patties | Bread Pattice,Bread Snacks,Moderate,40 mins
283,Green Chilli Pickle | Hari Mirch ka Achar,Pickle Recipes,Moderate,25 mins
284,Tomato Saar,Curry Recipes,Moderate,25 mins
285,Jackfruit Curry,Curry Recipes,Moderate,35 mins
286,Papdi Recipe | Papri ( Fried & Baked),Snacks Recipes,Moderate,1 hr 10 mins
287,Orange Squash | Orange Drink,Beverages,Moderate,1 hr
288,Chow chow bath,Breakfast Recipes,,45 mins
289,Celery Soup | Easy Cream Of Celery Soup,Soup Recipes,Moderate,30 mins
290,Arbi ke patte ke pakode,Pakora Recipes,Moderate,25 mins
291,Vangyachi Bhaji | Vangi Bhaji,Brinjal Recipes,Moderate,40 mins
292,Paper Dosa,Snacks Recipes,Moderate,9 hrs 20 mins
293,Chilli Cheese Toast,Bread Snacks,Moderate,14 mins
294,Kaddu ki Kheer,Navratri & Fasting Recipes,Moderate,40 mins
295,Khoya Recipe | Mawa Recipe,Sweets Recipes,,2 hrs
296,Cornflakes Chivda | Cornflakes Mixture | Makai Chivda,Snacks Recipes,Moderate,25 mins
297,Pattani Kurma | Green Peas Kurma,Curry Recipes,Moderate,30 mins
298,Besan Toast | Bread Besan Toast,Bread Snacks,Moderate,20 mins
299,Matki Recipe | Matki Amti,Maharashtrian Recipes,Moderate,55 mins
300,Vangyache Bharit | Vangi Bharit,Maharashtrian Recipes,Moderate,30 mins
301,Kulfi Falooda,Beverages,,40 mins
302,Khandvi Recipe,Gujarati Recipes,,40 mins
303,Red Garlic Chutney | Lahsun Ki Chatni (For Chaat),Chutney Recipes,Easy,40 mins
304,Drumstick Recipe | Drumstick Curry,Curry Recipes,Moderate,30 mins
305,Methi na Gota Recipe,Gujarati Recipes,Moderate,1 hr 5 mins
306,Veggie Nuggets,Snacks Recipes,Easy,40 mins
307,Ghee Roast Dosa,Breakfast Recipes,,10 hrs 20 mins
308,Whole Wheat Bread | Wholemeal Bread (Atta Bread),Bread Recipes,Moderate,1 hr 45 mins
309,Bread Cutlet,Bread Snacks,Moderate,40 mins
310,Dahi Papdi Chaat,North Indian Food,Moderate,45 mins
311,Raw Banana Recipes | Vazhakkai Recipes,South Indian Food,,
312,Fried Idli (Mumbai Style Recipe),Snacks Recipes,Moderate,11 mins
313,Easy Aloo ki Sabji | Satvik Aloo Tamatar Ki Sabji,Potato Recipes,Moderate,30 mins
314,Sesame Toast,Bread Snacks,Moderate,1 hr 10 mins
315,Maladu Recipe | Maa Laddu | Roasted Gram Ladoo,Ladoo Recipes,Moderate,12 mins
316,Onion Sambar | Vengaya Sambar,South Indian Food,,45 mins
317,Masale Bhat | Maharashtrian Masala Bhat,Rice Recipes,Moderate,1 hr 5 mins
318,Rose Milkshake | Rose Milk,Beverages,Moderate,15 mins
319,Sabudana Chivda | Sabudana Namkeen,Vegan Recipes,Moderate,30 mins
320,Maharashtrian Kadhi,Maharashtrian Recipes,Moderate,15 mins
321,Oats Chivda | Oats Mixture,Snacks Recipes,Moderate,20 mins
322,Vendakkai Sambar | Okra Sambar,Okra Recipes,,50 mins
323,Katachi Amti,Dal (Lentils) & Legumes,,35 mins
324,Jowar Roti,Indian Breads,,30 mins
325,Poha Idli,Breakfast Recipes,,9 hrs 15 mins
326,Rose Lassi,Beverages,,15 mins
327,Luchi Recipe | Bengali Luchi,Indian Breads,Moderate,1 hr 30 mins
328,Aloo Bonda,Potato Recipes,,1 hr
329,Vrat ke chawal ka pulao | Samvat pulao | Sama rice pulao,Navratri & Fasting Recipes,Moderate,45 mins
330,Sama ke chawal ki idli | Vrat ki Idli | Vari rice idli,Navratri & Fasting Recipes,,9 hrs 10 mins
331,Pumpkin Halwa | Kaddu Ka Halwa,Halwa,Moderate,40 mins
332,Kala Jamun,Sweets Recipes,Moderate,45 mins
333,Varutharacha Sambar,Kerala Recipes,,45 mins
334,Jini Dosa,Street Food Recipes,,30 mins
335,Indori Poha,Street Food Recipes,,15 mins
336,Methi Chaman,Methi Recipes (Fenugreek),,35 mins
337,Bharli Bhendi,Okra Recipes,Moderate,40 mins
338,Dal Pakwan Recipe,Breakfast Recipes,Moderate,1 hr 30 mins
339,Poha Cutlet,Snacks Recipes,Moderate,40 mins
340,Gobi Matar | Gobhi Matar ki Sabji,Vegetable Recipes,Easy,1 hr 15 mins
341,Koraishutir Kochuri | Motor Shutir Kochuri | Bengali Kachori,Bengali Recipes,Difficult,1 hr 15 mins
342,Vrat ki Kadhi | Rajgira Kadhi for Fasting | Farali Kadhi,Navratri & Fasting Recipes,Moderate,15 mins
343,Cabbage Coleslaw | Cabbage Salad,Salad Recipes,Moderate,15 mins
344,Patta Gobhi Matar | Cabbage Peas,Cabbage Recipes,Easy,1 hr
345,Suji Kheer | Rava Kheer,Sweets Recipes,Easy,20 mins
346,Rajgira Puri | Amaranth Poori,Navratri & Fasting Recipes,Moderate,50 mins
347,Vrat wale Aloo | Vrat ke Aloo,Navratri & Fasting Recipes,Easy,30 mins
348,Poori Masala | Puri Curry (Hotel Style Recipe),Potato Recipes,Moderate,40 mins
349,Rajasthani Kadhi,No Onion No Garlic Recipes,Moderate,25 mins
350,Set Dosa | Sponge Dosa (2 Ways),Breakfast Recipes,Moderate,9 hrs 30 mins
351,Bajra Khichdi,Rice Recipes,,30 mins
352,Shahi Pulao | Hyderabadi Pulao,Hyderabadi Recipes,,55 mins
353,Mint Raita | Pudina Raita,Raita Recipes,Easy,15 mins
354,Matar Mushroom,Peas Recipes,,45 mins
355,Manchow Soup Recipe | How to make Spicy Veg Manchow Soup,Soup Recipes,Moderate,45 mins
356,Jeera Rice | Cumin Rice (Restaurant Style Recipe),Rice Recipes,Moderate,55 mins
357,Veg Chilli Milli,Curry Recipes,Moderate,1 hr 5 mins
358,kuttu ki puri | vrat ki poori,Navratri & Fasting Recipes,,30 mins
359,Baby Corn Masala | Baby Corn Curry,Curry Recipes,Moderate,1 hr
360,Veg Puff Recipe,Snacks Recipes,Easy,1 hr 10 mins
361,Nimbu ka Achar | Nimbu ka Khatta Meetha Achar,Pickle Recipes,Easy,30 mins
362,Carrot Kheer | Carrot Payasam,Vegan Recipes,Moderate,40 mins
363,Tutti Frutti Cookies | Tutti Frutti Biscuits,Cookies,Easy,1 hr 5 mins
364,Veg Kolhapuri,Vegan Recipes,Moderate,1 hr 20 mins
365,Oats Chilla,Breakfast Recipes,Moderate,30 mins
366,Chinese Bhel (Street Style),Indo Chinese Recipes,Moderate,15 mins
367,Cream of Broccoli Soup,Soup Recipes,Moderate,30 mins
368,Veg Handi | Veg Diwani Handi,Curry Recipes,Easy,1 hr 10 mins
369,Khatti Dal | Hyderabadi Khatti Dal,Dal (Lentils) & Legumes,Moderate,40 mins
370,Tambdi Bhaji | Red Spinach Recipe | Goan Red Amaranth Recipe,Goan Recipes,Easy,30 mins
371,Alu Vadi | Patra Recipe | Pathrode Recipe,Maharashtrian Recipes,Moderate,37 mins
372,Khasta Roti,Indian Breads,Moderate,45 mins
373,Spaghetti Aglio e Olio Recipe,Pasta Recipes,Moderate,20 mins
374,Matar Kulcha | Matar Chaat – Delhi Style Recipe,Street Food Recipes,Moderate,8 hrs 30 mins
375,Oats Recipes | 14 Tasty Oatmeal Recipes for breakfast or snack,DIY & Collections,,
376,Green Coconut Chutney | Coriander Coconut Chutney,Chutney Recipes,Moderate,15 mins
377,Idli Upma,Breakfast Recipes,Moderate,15 mins
378,Kulcha Recipe | Kulcha Bread,Indian Breads,Moderate,2 hrs 45 mins
379,Ladies Finger Fry (Vegan),Okra Recipes,,35 mins
380,Chawli Usal,Dal (Lentils) & Legumes,Moderate,7 hrs 50 mins
381,Mushroom Kurma,Mushroom Recipes,Moderate,35 mins
382,Cabbage Bhaji,Cabbage Recipes,Easy,30 mins
383,Baisakhi Food | 50 Baisakhi Recipes,DIY & Collections,,
384,Pizza Without Oven | Tawa Pizza | Pan Pizza,Bread Recipes,Easy,45 mins
385,Semiya Kesari,South Indian Food,Moderate,25 mins
386,Urad Dal Kachori,Street Food Recipes,,1 hr
387,Chole Bhature | Chana Bhatura,Punjabi Recipes,Moderate,9 hrs 30 mins
388,Brown Bread,Bread Recipes,Moderate,44 mins
389,Cheese Dosa,Breakfast Recipes,,25 mins
390,Palak Saag | Spinach Saag,Palak Recipes (Spinach Recipes),Moderate,50 mins
391,Chura Matar | Delicious Matar Poha,Peas Recipes,Moderate,25 mins
392,Cheese Pakora | Cheese Fritters,Pakora Recipes,,30 mins
393,Lauki ki Sabji,Vegetable Recipes,,25 mins
394,Kathal ki Sabji,Vegetable Recipes,Moderate,30 mins
395,Semiya Biryani | Vermicelli Biryani,Rice Recipes,,1 hr
396,Lucknowi Biryani | Awadhi Biryani (Veg),Rice Recipes,,1 hr 15 mins
397,Arbi Curry | Arbi Masala,Navratri & Fasting Recipes,Moderate,35 mins
398,Punjabi Wadi | Vadi Recipe,DIY & Collections,Moderate,2 hrs
399,Malabar Biryani | Kerala Biryani | Thalassery Biryani (Vegetarian),Kerala Recipes,Moderate,1 hr
400,Mysore Masala Dosa (with red chutney),Breakfast Recipes,Moderate,9 hrs 50 mins
401,Aloo Posto,Potato Recipes,Moderate,30 mins
402,Red Chutney | Red Dosa Chutney,Chutney Recipes,Easy,15 mins
403,Roasted Makhana (Phool Makhana Recipe),Navratri & Fasting Recipes,Easy,10 mins
404,Patoli Recipe | Patoleo (Steamed Rice Rolls),Goan Recipes,Moderate,1 hr 30 mins
405,Lauki Kofta | Lauki ke Kofte,Curry Recipes,Moderate,1 hr
406,Sabja Seeds (Basil Seeds) | How to use Sabja Seeds & Benefits,DIY & Collections,Easy,30 mins
407,Baingan Bharta Recipe (Indian Mashed Eggplant),Brinjal Recipes,Moderate,30 mins
408,Malai Kofta Recipe (Restaurant Style Paneer Kofta),Paneer Recipes,Difficult,1 hr 30 mins
409,Puri Bhaji | Batata Bhaji,Breakfast Recipes,Moderate,40 mins
410,Pizza Recipe | Veggie Pizza | Foolproof Veg Pizza Recipe,Bread Recipes,Easy,1 hr 30 mins
411,Beans Thoran Recipe,Kerala Recipes,Moderate,30 mins
412,Ragda Chaat,Street Food Recipes,Moderate,9 hrs 30 mins
413,Undhiyu Recipe | Surti Undhiyu,Vegetable Recipes,Moderate,1 hr 15 mins
414,Cheese Naan,North Indian Food,Moderate,3 hrs
415,Gajar Ka Murabba | Carrot Murabba,Condiments,Moderate,45 mins
416,Butter Cake Recipe (Without Eggs),Cake Recipes,Moderate,1 hr 15 mins
417,Collection of 13 Indian Beetroot Recipes,Vegetable Recipes,,
418,Bread Vada,Bread Snacks,Moderate,30 mins
419,Bhutte ka Kees (Indore Style),Street Food Recipes,Difficult,30 mins
420,Cauliflower Curry,Cauliflower Recipes,Moderate,30 mins
421,Bitter Gourd Pickle | Bitter Melon Pickle (Karela Pickle),Pickle Recipes,Moderate,55 mins
422,Wine Cake Recipe,Cake Recipes,Moderate,1 hr 10 mins
423,Apple Upside Down Cake,Cake Recipes,Moderate,1 hr
424,Gingerbread Cake Recipe | Eggless Gingerbread Loaf,Cake Recipes,Moderate,50 mins
425,Garlic Naan | How to make Garlic Naan Bread,Indian Breads,Moderate,1 hr 40 mins
426,Podi Idli,Evening Snacks,,30 mins
427,Mushroom Puff,Snacks Recipes,Difficult,1 hr
428,Parwal ki Sabji | Easy Aloo Parwal Recipe,Vegetable Recipes,Moderate,30 mins
429,Tandoori Gobi | Gobi Tikka | Tandoori Cauliflower,Snacks Recipes,Moderate,2 hrs
430,Corn Salad,Salad Recipes,Easy,25 mins
431,Banana Fry | Aratikaya Fry,South Indian Food,Moderate,30 mins
432,Bharli Vangi Recipe | Stuffed Brinjal,Brinjal Recipes,Moderate,1 hr
433,Aloo Biryani | Potato Biryani,Rice Recipes,Difficult,1 hr
434,Tawa Pulao,Rice Recipes,,1 hr
435,Rajgira Kheer | Amaranth Kheer for Vrat,Navratri & Fasting Recipes,,20 mins
436,Lauki Soup | Bottle Gourd Soup | Dudhi Soup,Soup Recipes,Moderate,25 mins
437,Carrot Raita | Gajar ka Raita,Raita Recipes,Easy,15 mins
438,Makhana Raita,Raita Recipes,Easy,15 mins
439,Dudhi Bhopla Bhaji | Dudhi Bhaji | Dudhi chi Bhaji,Vegetable Recipes,Moderate,25 mins
440,Gur ki roti | Jaggery roti | Meethi roti,Indian Breads,Moderate,50 mins
441,Sweet Kozhukattai | Chana Dal Modak,Tamil Nadu Food,,1 hr 20 mins
442,Veg Makhanwala,Curry Recipes,Moderate,1 hr 10 mins
443,Stuffed Capsicum | Bharwa Shimla Mirch,Capsicum Recipes,Moderate,55 mins
444,Potato Podimas,Potato Recipes,Moderate,40 mins
445,Vendakkai Poriyal | Ladies Finger Poriyal,Okra Recipes,Moderate,25 mins
446,Methi Chole | Fenugreek Leaves With Chickpeas,Vegan Recipes,Easy,50 mins
447,12 Bottle gourd recipes | lauki recipes | dudhi recipes | sorakaya recipes,Vegetable Recipes,,
448,Kathal Biryani | Jackfruit Biryani,Rice Recipes,Moderate,1 hr 15 mins
449,Dal Palak Recipe | Spinach Dal,Dal (Lentils) & Legumes,Moderate,30 mins
450,Rava Vada | Instant Vada Recipe,South Indian Food,Moderate,25 mins
451,Paneer Pasanda Restaurant Style,Paneer Recipes,Difficult,1 hr 50 mins
452,Corn Pakoda | Corn Fritters,Pakora Recipes,Moderate,45 mins
453,Mughlai Biryani,Uttar Pradesh Cuisine,,1 hr 10 mins
454,Rice Pakora | Chawal Ke Pakode | Leftover Rice Pakora,Pakora Recipes,Easy,25 mins
455,Whole Masoor Dal | Brown Lentils (Sabut Masoor Dal),Dal (Lentils) & Legumes,Moderate,30 mins
456,Paneer Malai Tikka,Gluten Free Recipes,Moderate,50 mins
457,Kovakkai Fry | Dondakaya Fry,Vegetable Recipes,Moderate,25 mins
458,Capsicum Fry | South Indian Bell Pepper Stir Fry,Capsicum Recipes,Moderate,20 mins
459,Curry Leaves Chutney | Kadi Patta Chutney,Chutney Recipes,Easy,10 mins
460,Malabar Paratha | Kerala Paratha | Parotta Recipe,Indian Breads,Moderate,1 hr 40 mins
461,Wheat Halwa | Atta Halwa,Halwa,,15 mins
462,Edamame Recipes | Salted and Spicy Edamame | Soyabean Chilli,World Recipes,Moderate,20 mins
463,Paneer Gassi Recipe,Curry Recipes,Moderate,45 mins
464,Rava Pongal,Breakfast Recipes,,30 mins
465,Chickpea Curry Recipe | Coconut Chickpea Curry,Curry Recipes,Moderate,9 hrs 30 mins
466,Samosa Sandwich,Street Food Recipes,,30 mins
467,Kanda Bhaji | Onion Bhaji,Pakora Recipes,Moderate,30 mins
468,Samosa Pav,Street Food Recipes,,15 mins
469,Gobi Masala Recipe | Cauliflower Masala Restaurant Style,Cauliflower Recipes,Moderate,55 mins
470,Schezwan Dosa,Breakfast Recipes,Moderate,30 mins
471,Bendakaya Fry,Okra Recipes,Moderate,25 mins
472,Davangere Benne Dosa | Butter Dosa,Breakfast Recipes,,9 hrs 30 mins
473,34 Tasty Tomato Recipes,DIY & Collections,,
474,Arbi Fry Recipe (Seppankizhangu Fry),Vegetable Recipes,Moderate,32 mins
475,Dindigul Biryani (with mushrooms),Rice Recipes,Moderate,35 mins
476,Paneer Amritsari Recipe | Amritsari Paneer Tikka,Paneer Recipes,Moderate,55 mins
477,Gawar Bhaji | Gawar ki Sabzi | Cluster Beans Recipe,Vegetable Recipes,Easy,45 mins
478,Lauki ki Kheer,Navratri & Fasting Recipes,,30 mins
479,Gond Ke Laddu | Nutritious Gond Laddu,Ladoo Recipes,,30 mins
480,Paneer Handi,Paneer Recipes,Moderate,30 mins
481,Palak Puri | Palak Poori,Palak Recipes (Spinach Recipes),Easy,30 mins
482,Aloo Gajar Ki Sabji,Vegan Recipes,Moderate,13 mins
483,Puran Poli Recipe,Sweets Recipes,Moderate,2 hrs
484,Aloo Tikki Chole,Street Food Recipes,Moderate,45 mins
485,Jaljeera Recipe | Jaljeera Benefits,Beverages,Moderate,20 mins
486,Pudina Thogayal Recipe,Chutney Recipes,Moderate,10 mins
487,Gajar Recipes | 30 Tasty Indian Carrot Recipes,Vegetable Recipes,,
488,Dhansak Recipe | Veg Dhansak,Dal (Lentils) & Legumes,,1 hr
489,Roomali Roti | How To Make Rumali Roti,Indian Breads,Moderate,1 hr
490,Chane Ka Saag,North Indian Food,Moderate,50 mins
491,Quesadilla Recipe | Mushroom and Veggie Quesadilla,Mexican Recipes,Moderate,40 mins
492,Rice Cutlet | Leftover Rice Cutlets,Snacks Recipes,Moderate,25 mins
493,Vendhaya Dosai | Methi Dosa,Breakfast Recipes,Moderate,9 hrs 30 mins
494,Mathanga Erissery | Pumpkin Erissery Recipe,Curry Recipes,Moderate,50 mins
495,Eggless Pineapple Cake | Pineapple Pastry,Cake Recipes,Moderate,1 hr 30 mins
496,Barbati ki Sabji | Long Beans Recipe,Vegetable Recipes,Moderate,1 hr 5 mins
497,Yogurt Recipes | 31 Indian Curd Recipes,DIY & Collections,,
498,Corn Kebab | Sweet Corn Kabab,Snacks Recipes,Moderate,50 mins
499,Coconut Milk Recipe | How To Make Coconut Milk,DIY & Collections,Moderate,25 mins
500,Strawberry Lassi,Beverages,Easy,15 mins
501,Beetroot Poriyal,Vegetable Recipes,Moderate,20 mins
502,Paan Shots | Paan Milkshake,Beverages,Moderate,15 mins
503,White Dhokla | Khatta Dhokla,Snacks Recipes,Moderate,7 hrs 25 mins
504,Aloo Tikki Burger (Potato Burger),Street Food Recipes,Moderate,40 mins
505,Pineapple Pachadi,Kerala Recipes,Moderate,20 mins
506,Samosa Chaat,Snacks Recipes,,30 mins
507,Bajra Roti | Bajre ki Roti (Pearl Millet Flatbread),Indian Breads,Moderate,50 mins
508,Adai Recipe | How to make Adai Dosa,Breakfast Recipes,Moderate,2 hrs 40 mins
509,Mirchi Ka Salan Recipe | Biryani Salan,Curry Recipes,Moderate,50 mins
510,Mushroom Manchurian,Indo Chinese Recipes,Moderate,45 mins
511,Mosambi Juice | Sweet Lime Juice,Juices,Moderate,15 mins
512,Bagara Baingan (Eggplant Curry For Biryani),Brinjal Recipes,Moderate,1 hr
513,Yam Chips (Jimikand Recipe),Vegetable Recipes,Moderate,40 mins
514,Dabeli Recipe |  Kacchi Dabeli | Dabeli Masala,Street Food Recipes,Moderate,1 hr
515,Alfalfa Sprouts | How to grow Alfalfa Sprouts,DIY & Collections,Moderate,3 d 6 hrs
516,Usal Recipe | Maharashtrian Malvani Usal,Dal (Lentils) & Legumes,Moderate,1 hr
517,Paneer Bhurji Recipe (Punjabi Style),Paneer Recipes,Easy,20 mins
518,Spinach Soup Recipe (Palak Soup),Soup Recipes,Moderate,30 mins
519,Peri Peri Sauce Recipe | Homemade Piri Piri Sauce,Condiments,Moderate,20 mins
520,Pulao Recipe | Veg Pulao Recipe (Pulav),Rice Recipes,Moderate,40 mins
521,Garlic Butter Mushrooms | Garlic Mushrooms,Mushroom Recipes,Easy,20 mins
522,Beetroot Thoran (Kerala Style Sautéed Beetroot),Vegetable Recipes,Moderate,35 mins
523,Kundru ki Sabji | Tendli Recipe | Tendli Bhaji,Vegetable Recipes,Moderate,50 mins
524,Dukkah Recipe (Egyptian Nut and Spice Blend),Condiments,Moderate,20 mins
525,Thecha Recipe | Mirchi Thecha Chutney,Condiments,Moderate,6 mins
526,Carrot Poriyal,Vegetable Recipes,Moderate,25 mins
527,Almond Milk Recipe | How to make Almond Milk,DIY & Collections,Moderate,45 mins
528,Bhindi Masala | Punjabi Style Bhindi Recipe,Okra Recipes,Moderate,45 mins
529,Vegetable Stew | Kerala Veg Stew Recipe,Curry Recipes,Moderate,40 mins
530,Khus Syrup | Khus Sharbat Recipe,Beverages,Moderate,37 mins
531,Apple Milkshake,Milkshake Recipes,Easy,15 mins
532,kaddu paratha | pumpkin paratha,DIY & Collections,,45 mins
533,Matar ka nimona recipe,Peas Recipes,Moderate,30 mins
534,30 Tasty Recipe Ideas with Moong Dal (Mung Lentils),Dal (Lentils) & Legumes,,
535,Shahi Paneer (Mughlai Style Recipe),Paneer Recipes,Moderate,40 mins
536,Black Eyed Peas Recipe | Black Eyed Peas Curry,Dal (Lentils) & Legumes,Moderate,30 mins
537,Amti Recipe | Amti Dal,Dal (Lentils) & Legumes,Moderate,35 mins
538,Mixed Sprouts | How To Make Mixed Sprouts,DIY & Collections,Easy,3 d 8 hrs
539,Piyush Drink | Piyush Recipe,Beverages,Easy,5 mins
540,Green Peas Masala | Green Peas Curry,Curry Recipes,Moderate,1 hr
541,Fig Milkshake (Anjeer Shake),Milkshake Recipes,Moderate,15 mins
542,Suji Toast | Rava Toast,Bread Snacks,Moderate,25 mins
543,46 tasty besan recipes (gram flour or chickpea flour recipes),DIY & Collections,,
544,Mango Raita Recipe,Raita Recipes,Moderate,20 mins
545,Lobia Recipe | Lobia Masala (Curried Black Eyed Beans),Dal (Lentils) & Legumes,Moderate,30 mins
546,Palak Patta Chaat | Palak Chaat,Snacks Recipes,Moderate,30 mins
547,Aloo Puri Recipe,Breakfast Recipes,Moderate,1 hr 15 mins
548,Veg Raita | Mix Vegetable Raita,Raita Recipes,Easy,15 mins
549,Garlic Chutney | Vada Pav Chutney | Lasun Chutney,Chutney Recipes,Moderate,7 mins
550,Aloo Tikki Chaat,Street Food Recipes,Moderate,30 mins
551,Arbi Sabji | Arbi Recipe | Ghuiya Ki Sabji,North Indian Food,Moderate,1 hr
552,Kokum Juice Recipe | Kokum Sharbat | Kokum Benefits,Beverages,Moderate,40 mins
553,Mirchi Bajji Recipe | Chilli Bajji | Mirapakaya Bajji,Pakora Recipes,Moderate,40 mins
554,Nei Choru | Neychoru Recipe (Kerala Style),Rice Recipes,Moderate,40 mins
555,Beetroot Cutlet | Beetroot Tikki | Beet Patties,Snacks Recipes,,40 mins
556,Masoor Dal Recipe | Easy & Spiced Indian Red Lentils Recipe,Dal (Lentils) & Legumes,Moderate,30 mins
557,Masala Corn Recipe,Snacks Recipes,Moderate,25 mins
558,Burani Raita | Hyderabadi Burhani Raita,Raita Recipes,Easy,5 mins
559,Chana Dal Payasam | Kadalai Paruppu Payasam,Sweets Recipes,Moderate,2 hrs 35 mins
560,Dahi Vada Recipe (Authentic North Indian Recipe),Snacks Recipes,Moderate,8 hrs 45 mins
561,Masala Pasta Recipe | Indian Pasta Recipe,Pasta Recipes,Moderate,30 mins
562,Lemon Rice | South Indian Chitranna Recipe for Lunch Box,Rice Recipes,Easy,25 mins
563,Masala Papad Recipe,Snacks Recipes,Moderate,15 mins
564,Sandwich Chutney Recipe | Green Chutney For Sandwich,Chutney Recipes,Moderate,10 mins
565,Paneer Bread Roll,Bread Snacks,Moderate,25 mins
566,Hot Coffee | Beaten Coffee (Cafe Style),World Recipes,Easy,10 mins
567,Besan Bhindi (Besan Wali Bhindi),Okra Recipes,Moderate,35 mins
568,Besan Chilla | Chilla Recipe (Quick Gram Flour Pancakes),Breakfast Recipes,Easy,30 mins
569,Pav Bhaji Recipe (Super Delicious Mumbai Pav Bhaji),Street Food Recipes,Moderate,40 mins
570,Palak Paneer Recipe | How to make Palak Paneer,Paneer Recipes,Moderate,40 mins
571,Sambar Rice | Sambar Sadam,Rice Recipes,Moderate,50 mins
572,Sarson ka Saag,Punjabi Recipes,Moderate,4 hrs
573,Matar Paneer | Punjabi Mutter Paneer,Paneer Recipes,Moderate,30 mins
574,Pineapple Kesari | Pineapple Halwa | Pineapple Sheera,Halwa,Moderate,15 mins
575,Suji Ka Cheela | Rava Chilla,Breakfast Recipes,Moderate,50 mins
576,Paal Payasam | Rice Payasam,Sweets Recipes,Moderate,1 hr
577,Methi Bhaji | Methi ki Bhaji,Methi Recipes (Fenugreek),Moderate,25 mins
578,Chocolate Milkshake Recipe | Chocolate Shake,Milkshake Recipes,Easy,10 mins
579,Sweet Appam | Banana Appam,Snacks Recipes,Moderate,50 mins
580,Paneer Kali Mirch Recipe,Paneer Recipes,Moderate,30 mins
581,Rasam Powder Recipe | Rasam Podi,Spice Mix,Moderate,20 mins
582,Rava Dosa Recipe | Quick Suji ka Dosa,Breakfast Recipes,Easy,30 mins
583,Green Moong Dal | Green Gram Curry | Sabut Moong Dal,Dal (Lentils) & Legumes,Moderate,1 hr 40 mins
584,Banana Bread Recipe (Eggless and Vegan),Bread Recipes,Moderate,45 mins
585,Dalgona Coffee Recipe | Whipped Coffee,Beverages,Easy,12 mins
586,Tomato Soup Recipe (Homemade & Easy),Soup Recipes,Easy,25 mins
587,Moong Dal Halwa,Halwa,Moderate,7 hrs 10 mins
588,Kosambari Recipe | Kosambari Salad | Moong Dal Salad,Salad Recipes,Moderate,15 mins
589,Rasam Recipe without Rasam Powder,South Indian Food,Easy,30 mins
590,Rava Kichadi,Breakfast Recipes,Moderate,20 mins
591,Aloo Paratha Recipe | Punjabi Aloo ka Paratha,North Indian Food,Moderate,50 mins
592,Parippu Curry | Lentil Curry Recipe,Dal (Lentils) & Legumes,Moderate,25 mins
593,Cold Coffee (Cafe Style Recipe),Beverages,Easy,15 mins
594,Tomato Shorba Recipe | Tomato Dhaniya Shorba,Soup Recipes,Moderate,20 mins
595,Gajar Ka Halwa | Punjabi Carrot Halwa Recipe (4 Variations),Sweets Recipes,Moderate,1 hr 10 mins
596,Kheer Recipe | Rice Kheer,Sweets Recipes,Moderate,50 mins
597,Easy Paneer Butter Masala Recipe in 40 Minutes,Paneer Recipes,Moderate,40 mins
598,Onion Salad,Salad Recipes,Easy,5 mins
599,Mushroom Tikka | Tandoori Mushroom,Mushroom Recipes,Moderate,1 hr
600,Upma Recipe | Rava Upma | Suji ka Upma Recipe,Breakfast Recipes,Easy,30 mins
601,Mushroom Pepper Fry,Mushroom Recipes,Moderate,40 mins
602,Gulab Jamun Recipe – With Khoya & Milk Powder,Sweets Recipes,Moderate,45 mins
603,"Badam Milk Recipe, Sweet Creamy Badam ka Milk",Beverages,Moderate,40 mins
604,Aloo Matar or Aloo Mutter,Curry Recipes,Moderate,30 mins
605,Brinjal Fry | Fried Eggplant Recipe,Brinjal Recipes,Moderate,35 mins
606,Masala Milk | Masala Doodh,Beverages,Moderate,15 mins
607,Fruit Raita,Raita Recipes,Easy,15 mins
608,Oats Kheer | Oats Payasam,Sweets Recipes,Moderate,15 mins
609,Balushahi Recipe | Badusha Sweet,Sweets Recipes,Moderate,40 mins
610,Rava Laddu | Easy Suji Ke Laddu | Rava Ladoo,Ladoo Recipes,Moderate,30 mins
611,Nankhatai Recipe | Nankhatai Biscuit,Cookies,Moderate,40 mins
612,Kalakand Recipe (Indian Milk Cake),Sweets Recipes,Easy,20 mins
613,Mysore Pak Recipe,Sweets Recipes,Difficult,25 mins
614,Besan Ladoo | Easy Besan Ke Laddu,Ladoo Recipes,Moderate,30 mins
615,Omapodi Recipe,Evening Snacks,Moderate,30 mins
616,Karanji Recipe,Sweets Recipes,Moderate,1 hr 20 mins
617,Shankarpali Recipe – Sweet and Salted,Evening Snacks,Moderate,1 hr
618,Sev Recipe | Karasev | Besan Sev,Evening Snacks,Moderate,35 mins
619,Namak Para | Namak Pare (Salty Diamond Cuts),Evening Snacks,Moderate,1 hr 10 mins
620,Mixture Recipe | Madras Mixture,Evening Snacks,Moderate,1 hr 15 mins
621,Thattai Recipe | Thattu Vadai,Evening Snacks,Moderate,40 mins
622,Chakli Recipe (Instant & Easy),Evening Snacks,Moderate,1 hr 15 mins
623,Chivda Recipe | Poha Chivda | Namkeen Recipe,Evening Snacks,Moderate,25 mins
624,Butter Murukku | Butter Chakli,Evening Snacks,Moderate,30 mins
625,Chutney Sandwich,Bread Snacks,Easy,15 mins
626,Perfect Kaju Katli Recipe | Kaju Barfi,Sweets Recipes,Moderate,20 mins
627,Diwali Snacks | 124 Diwali Faral Recipes,Snacks Recipes,,
628,Diwali Sweets | 121 Diwali Recipes | Diwali Festival 2022,Sweets Recipes,,
629,Ribbon Pakoda | Ribbon Murukku,Evening Snacks,Moderate,30 mins
630,Dussehra Recipes | 85 Dasara Festival Recipes,DIY & Collections,,
631,South Indian Navratri Recipes,South Indian Food,,
632,Navratri Recipes | 104 Navratri Fast Recipes,Navratri & Fasting Recipes,,
633,Shakarpara Recipe | Khurma | Shakkarpare,Sweets Recipes,Moderate,50 mins
634,Pizza Puffs Recipe,Snacks Recipes,Easy,30 mins
635,Mysore Rasam Recipe,Karnataka Recipes,Moderate,40 mins
636,Bread Dosa Recipe,Bread Snacks,Moderate,30 mins
637,Murukku Recipe | Murukulu Recipe (Crunchy Rice Flour Spirals),Evening Snacks,Moderate,50 mins
638,Aloo Masala | Potato Masala (For Dosa),Breakfast Recipes,Moderate,50 mins
639,Ragi Idli Recipe,Breakfast Recipes,Moderate,9 hrs 30 mins
640,Easy Thai Green Curry with Vegetables,Thai Recipes,Moderate,40 mins
641,Palak Ki Sabji | Aloo Palak Ki Sabji,Vegetable Recipes,Moderate,30 mins
642,Fruit Punch Recipe | Fruit Punch Mocktail,Beverages,Easy,15 mins
643,How To Make Rice Flour | Rice Flour Recipe,DIY & Collections,Moderate,2 hrs 20 mins
644,Ganesh Chaturthi Recipes | 125 Vinayaka Chaturthi Recipes 2022,DIY & Collections,Moderate,1 hr 20 mins
645,Modak Recipe | Ukadiche modak (With & Without Mould),Sweets Recipes,Moderate,1 hr 30 mins
646,Kozhukattai Recipe | How To Make Kolukattai,Sweets Recipes,Moderate,1 hr 30 mins
647,Arisi Upma | Rice Upma,South Indian Food,Moderate,15 mins
648,Beetroot Rice | Beetroot Pulao,Rice Recipes,Moderate,35 mins
649,Janmashtami Recipes | 95 Krishna Jayanthi Recipes,Navratri & Fasting Recipes,,
650,Potato Roast Recipe,South Indian Food,Moderate,28 mins
651,Aloo Gajar Matar Recipe,Vegetable Recipes,Moderate,30 mins
652,Chai Spice Recipe | Masala Tea Powder,Spice Mix,Easy,15 mins
653,Pesto Recipe | Basil Pesto Sauce,Condiments,Easy,8 mins
654,Ash Gourd Recipe | Kumbalanga Thoran | Ash Gourd Thoran,Kerala Recipes,Moderate,35 mins
655,Tomato Pachadi | Thakkali Pachadi (Andhra Style),Chutney Recipes,Moderate,15 mins
656,Curd Sandwich | Greek Yogurt Sandwich (Dahi Sandwich),World Recipes,Easy,20 mins
657,Moong Dal Pakoda | Moong Dal Vada | Moong Dal Bhajiya,Pakora Recipes,Moderate,4 hrs 30 mins
658,Parsi Brown Rice,Rice Recipes,Moderate,40 mins
659,Tomato Curry (Tamatar Curry),Curry Recipes,Moderate,50 mins
660,Banana Recipes | 14 Easy Banana Desserts,DIY & Collections,,
661,Sweet Potato Halwa (Shakarkandi ka Halwa),Navratri & Fasting Recipes,Moderate,40 mins
662,Dal Vada | Masala Vada | Parippu Vada,Snacks Recipes,Moderate,2 hrs 35 mins
663,Chickpea Salad Recipe (Mediterranean Style),Mediterranean Cuisine,Moderate,8 hrs 40 mins
664,Tandoori Aloo | Aloo Tikka,Snacks Recipes,Moderate,40 mins
665,Papaya Halwa (Papaya Sweet),Navratri & Fasting Recipes,Moderate,50 mins
666,Raksha Bandhan Sweets | Raksha Bandhan Festival 2022,DIY & Collections,,
667,Moong Dal Laddu,Ladoo Recipes,Moderate,17 mins
668,Dry Fruit Modak,Sweets Recipes,Moderate,1 hr 20 mins
669,Paneer Toast | Paneer Cheese Sandwich,Paneer Recipes,Easy,25 mins
670,Sweet Potato Cutlet | Sweet Potato Tikki,Snacks Recipes,Moderate,30 mins
671,Coconut Burfi | Nariyal ki Barfi,Sweets Recipes,Moderate,1 hr 25 mins
672,Ram Laddu (Delhi Street Food),Street Food Recipes,Moderate,4 hrs 30 mins
673,Alur Dom | Bengali Aloo Dum,Bengali Recipes,Moderate,50 mins
674,Beetroot Sabzi | Dry Beetroot Curry,Vegetable Recipes,Easy,30 mins
675,Baby Potato Fry | South Indian Baby Potatoes Recipe,Potato Recipes,Moderate,25 mins
676,Cucumber Sandwich,World Recipes,Easy,10 mins
677,Malai Paneer,Paneer Recipes,Easy,25 mins
678,Tomato Sandwich | Cheese and Tomato Sandwich,World Recipes,Easy,15 mins
679,Mawa Modak | Khoya Modak,Sweets Recipes,Moderate,25 mins
680,Black Channa Sundal (Kondakadalai Sundal),Chickpeas Recipes,Moderate,8 hrs 35 mins
681,Cabbage Kootu Recipe | Cabbage Dal,Cabbage Recipes,Moderate,40 mins
682,Tehri Recipe | Tahri (Vegetable Rice),Rice Recipes,Moderate,50 mins
683,Aloo Rasedar,Potato Recipes,Moderate,30 mins
684,Peanut Laddu (Shengdana Ladoo),Ladoo Recipes,Moderate,15 mins
685,Kala Vatana Usal | Kala Vatana Sambar,Dal (Lentils) & Legumes,Moderate,9 hrs
686,Whole Wheat Pizza Dough,Bread Recipes,Easy,1 hr
687,Paneer Fry,Paneer Recipes,Moderate,25 mins
688,Corn Fried Rice,Rice Recipes,Moderate,45 mins
689,Rice Puri | Rice Vada,Indian Breads,Moderate,1 hr
690,Brinji Rice | Brinji Sadam,Rice Recipes,Moderate,30 mins
691,Potato Kurma | Aloo Kurma,Potato Recipes,Moderate,55 mins
692,Sunnundalu Recipe | Urad Dal Laddu,Ladoo Recipes,Moderate,17 mins
693,Aloo Tikki Recipe (Indian Potato Patties),Street Food Recipes,Moderate,40 mins
694,Chana Dal (Split Chickpeas),Dal (Lentils) & Legumes,Moderate,1 hr 30 mins
695,Dal Chutney | Chana Dal Chutney,Chutney Recipes,Moderate,7 mins
696,Dahi Aloo Recipe | Dahi Wale Aloo,Potato Recipes,Moderate,45 mins
697,Puffed Rice Recipe | Murmura Recipe,Snacks Recipes,Easy,5 mins
698,Ragi Kheer | Ragi Pudding,Sweets Recipes,Moderate,20 mins
699,Sabudana Dosa | Sago Dosa,South Indian Food,Moderate,9 hrs 30 mins
700,Narkel Naru (Coconut Ladoo With Jaggery),Ladoo Recipes,Easy,15 mins
701,top 10 north indian breakfast recipes,Breakfast Recipes,,
702,Moong Dal Chilla (Indian Mung Bean Pancake),Breakfast Recipes,Moderate,4 hrs 30 mins
703,Atta Laddu | Wheat Ladoo,Ladoo Recipes,Moderate,15 mins
704,Leftover Rice Idli | Cooked Rice Idli,Breakfast Recipes,Moderate,9 hrs 12 mins
705,Fruit Bread Recipe | Fruit Bun,Bread Recipes,Moderate,3 hrs 45 mins
706,Paneer Kulcha Recipe,Indian Breads,Moderate,3 hrs
707,Penne Pasta Recipe (In Tomato Mushroom Sauce),Pasta Recipes,Moderate,1 hr 5 mins
708,Carrot Ginger Soup Recipe,Soup Recipes,Easy,30 mins
709,Sundal Recipe | Channa Sundal | Chickpea Sundal,Chickpeas Recipes,Moderate,35 mins
710,Wheat Momos (Atta Momos),Street Food Recipes,Moderate,50 mins
711,Capsicum besan bhaji | shimla mirch besan,Capsicum Recipes,Moderate,30 mins
712,Lemon Pickle | No Oil Lime Pickle (4 Ingredients),Pickle Recipes,Easy,15 mins
713,Bhindi Rice | Sauteed okra with rice,Okra Recipes,Moderate,50 mins
714,Naranga Achar | Kerala Lemon Pickle | Lime Pickle,Pickle Recipes,Moderate,25 mins
715,Paneer Pizza | Paneer Cheese Pizza,Paneer Recipes,Moderate,1 hr 40 mins
716,Spring Onion Soup | Green Onion Soup | Scallion Soup,Soup Recipes,Easy,25 mins
717,Corn Chaat Recipe | Sweet Corn Chaat,Snacks Recipes,Moderate,20 mins
718,Ragi Halwa | Nachni Halwa,Halwa,Moderate,20 mins
719,Coconut Cookies Recipe,Cookies,Easy,30 mins
720,Banana Halwa | Banana Sheera,Halwa,Moderate,20 mins
721,Cutting Chai,Beverages,Easy,17 mins
722,Date Cake | Date And Walnut Cake,Cake Recipes,Moderate,1 hr
723,Corn Recipes | Collection of 21 tasty Sweet Corn Recipes,DIY & Collections,,
724,Paneer Kolhapuri,Curry Recipes,Moderate,50 mins
725,Mushroom Paneer,Curry Recipes,Moderate,45 mins
726,Methi Puri | Crispy Methi ki Poori,Snacks Recipes,Moderate,50 mins
727,"Easy Banana Cake Recipe (Eggless, Whole Wheat)",Cake Recipes,Moderate,40 mins
728,Cabbage Rice | Indian Style Cabbage Fried Rice,Cabbage Recipes,Moderate,1 hr
729,Carrot Chutney,Chutney Recipes,Easy,15 mins
730,Mushroom Tikka Masala,Mushroom Recipes,Moderate,1 hr 30 mins
731,Chana Dal Pakora,Pakora Recipes,Moderate,4 hrs 30 mins
732,Paneer Ghee Roast,Paneer Recipes,Moderate,30 mins
733,Tomato Upma,Breakfast Recipes,Moderate,30 mins
734,Grape Juice Recipe,Juices,Easy,15 mins
735,Crispy Paneer 65 Recipe,Paneer Recipes,Moderate,55 mins
736,Samvat Rice Khichdi | Sama Chawal Khichdi | Vrat ki Khichdi,Navratri & Fasting Recipes,,1 hr 35 mins
737,Sabudana Recipes for fast | sabudana vrat recipes,Navratri & Fasting Recipes,,
738,Aloo 65 | Potato 65,Snacks Recipes,Moderate,45 mins
739,Kolkata Biryani,Rice Recipes,Moderate,1 hr 15 mins
740,Kerala Sambar,Kerala Recipes,Moderate,1 hr 5 mins
741,Baby Corn Rice | Baby Corn Pulao,Rice Recipes,Easy,45 mins
742,Tomato Carrot Soup,Soup Recipes,Moderate,20 mins
743,Kuttu Khichdi | Buckwheat Khichdi,Navratri & Fasting Recipes,Moderate,30 mins
744,Methi Pakoda | Methi Bhajiya | Methi Pakora,Pakora Recipes,Easy,30 mins
745,Singapore Fried Rice,Rice Recipes,Moderate,35 mins
746,Lemon Rasam,South Indian Food,Moderate,30 mins
747,Cheese Corn Balls,Snacks Recipes,Moderate,40 mins
748,Oats Khichdi,Breakfast Recipes,Moderate,20 mins
749,Beetroot Poori,Indian Breads,Moderate,1 hr 5 mins
750,Sabudana Pakoda | Sabudana Pakora,Navratri & Fasting Recipes,Moderate,8 hrs 20 mins
751,40 Coconut Recipes | Coconut Sweets Recipes,DIY & Collections,,
752,Mogri Ki Sabji | Radish Pods Recipe,Vegetable Recipes,Moderate,40 mins
753,Paneer Tikka Recipe,Snacks Recipes,Moderate,2 hrs 30 mins
754,Khichdi Recipe | Easy Moong Dal Khichdi Recipe (3 Ways),Dal (Lentils) & Legumes,Moderate,40 mins
755,Sabudana Vada Recipe | How to make Sabudana Vada,Navratri & Fasting Recipes,Moderate,5 hrs 30 mins
756,Onion Pakoda Recipe (2 Ways) | Onion Pakora | Onion Fritters,Pakora Recipes,Moderate,30 mins
757,Pudina Chutney | Easy Mint Chutney (2 Ways),Chutney Recipes,Easy,15 mins
758,Schezwan Paneer,Curry Recipes,Moderate,20 mins
759,Tomato Rice Recipe | Quick South Indian Thakkali Sadam,Rice Recipes,Easy,40 mins
760,Paneer Lababdar,Paneer Recipes,Moderate,40 mins
761,Sambar Recipe | How to make South Indian Sambar,South Indian Food,Moderate,45 mins
762,Dal Fry Recipe | How to make Dal Fry (3 Ways),Dal (Lentils) & Legumes,Moderate,25 mins
763,Bread Pakora (2 Ways) | Stuffed & Plain Bread Pakoda,Bread Snacks,Moderate,1 hr 5 mins
764,French Fries Recipe (Crispy & Perfect),Snacks Recipes,Moderate,30 mins
765,Masala Pav,Street Food Recipes,Moderate,30 mins
766,Paneer Tikka Pizza,World Recipes,Moderate,2 hrs 40 mins
767,Kaju Pulao | Cashew Pulao,Rice Recipes,Moderate,40 mins
768,Pav Bhaji Masala (Spice Mix),Spice Mix,Easy,15 mins
769,Pineapple Fried Rice (Thai Style),Rice Recipes,Moderate,40 mins
770,Banana Mousse Recipe,Dessert Recipes,Easy,15 mins
771,baby corn recipes | collection of 10 veg baby corn recipes,Vegetable Recipes,,
772,Capsicum Sandwich | Bell Pepper Sandwich,Snacks Recipes,Easy,25 mins
773,Basmati Rice Recipe | How To Cook Basmati Rice,Rice Recipes,Easy,45 mins
774,Eggless Pancakes Recipe | Whole Wheat Pancakes,Breakfast Recipes,Easy,15 mins
775,Pumpkin Recipes | Collection of 12 Vegetarian Pumpkin Recipes,Vegetable Recipes,,
776,French Toast (Without Eggs),Bread Snacks,Easy,15 mins
777,Guava Juice Recipe | How to make Guava Juice,Juices,Moderate,15 mins
778,Cheese Recipes | Collection of 25 Veg Cheese Recipes,DIY & Collections,,
779,Jaggery Recipes | Collection of 26 Delicious Gur ki recipes,DIY & Collections,,
780,Momos Chutney Recipe | Momo Sauce,Chutney Recipes,Moderate,10 mins
781,Baby Corn Fry (Baby Corn Pepper Fry),Vegetable Recipes,Easy,20 mins
782,Ekadashi Recipes | 11 Ekadasi Fasting Recipes | Ekadashi Vrat Recipes,Navratri & Fasting Recipes,,
783,Blueberry Pancakes (Easy & Healthy),American Recipes,Easy,20 mins
784,Masala Idli | Leftover Idli Recipes,Snacks Recipes,Easy,15 mins
785,Mango Salsa Recipe,Mexican Recipes,Easy,15 mins
786,Rajma Recipe | Rajma Masala | Rajma Chawal,Dal (Lentils) & Legumes,Easy,9 hrs 45 mins
787,Mango Rice Recipe (Mavinakayi Chitranna),Rice Recipes,Moderate,40 mins
788,Rajma Kebab,Snacks Recipes,Moderate,45 mins
789,Amchur Powder | Amchoor (Dry Mango Powder),Spice Mix,Moderate,21 hrs 15 mins
790,Mango Muffins Recipe,Dessert Recipes,Moderate,50 mins
791,Medu Vada Recipe | Sambar Vada (Uzhunnu Vada),Breakfast Recipes,Moderate,4 hrs 40 mins
792,Mushroom Sandwich Recipe,Mushroom Recipes,Easy,25 mins
793,Mango Recipes | 37 Raw and Ripe Mango Recipes,DIY & Collections,,
794,Mango Kesari | Mango Sheera | Mango Halwa,Sweets Recipes,Moderate,25 mins
795,Raw Mango Chutney | Green Mango Chutney,Chutney Recipes,Easy,15 mins
796,Amla ka Achar | Amla Pickle (Indian Gooseberry Pickle),Pickle Recipes,Moderate,30 mins
797,Vanilla Milkshake Recipe (Cafe Style),Milkshake Recipes,Easy,10 mins
798,Chunda Recipe | Aam Chunda | Mango Chunda,Condiments,Moderate,25 mins
799,Mango Salad Recipe (With Unripe Green Mangoes),Salad Recipes,Easy,15 mins
800,Mango Chaat | Mango Bhel,Snacks Recipes,Easy,15 mins
801,Mamidikaya Pappu (Mango Dal),Dal (Lentils) & Legumes,Moderate,40 mins
802,Aam Ka Murabba | Mango Murabba (Indian Mango Preserve),Condiments,Moderate,25 mins
803,Mango Modak (Amba Modak),Sweets Recipes,Moderate,30 mins
804,Mango Falooda,Beverages,Moderate,25 mins
805,Mango Phirni,Sweets Recipes,Moderate,50 mins
806,Caesar Salad Recipe,Salad Recipes,Moderate,25 mins
807,"Ice Cream Recipe – No Churn, No Ice Cream Maker",Dessert Recipes,Easy,15 mins
808,Muthiya Recipe | Methi Muthia (Steamed and Fried),Snacks Recipes,Moderate,50 mins
809,Sour Cream Coffee Cake Recipe,Cake Recipes,Moderate,1 hr 5 mins
810,Fruit Salad Recipe,Salad Recipes,Easy,15 mins
811,Avakaya | Avakai (Andhra Mango Pickle),Pickle Recipes,Moderate,30 mins
812,Virgin Mojito Recipe | Mojito Mocktail,Beverages,Easy,15 mins
813,Mango Juice Recipe,Beverages,Easy,10 mins
814,Fruit Salad With Ice Cream,Salad Recipes,Easy,15 mins
815,Apple Smoothie Recipe,Smoothie,Easy,5 mins
816,Paniyaram (Kuzhi Paniyaram Recipe),South Indian Food,Moderate,35 mins
817,Amritsari Chole,Chickpeas Recipes,Moderate,8 hrs 45 mins
818,Sweet Paniyaram,Snacks Recipes,Easy,30 mins
819,Mango Mastani,Beverages,Easy,15 mins
820,Fig Jam Recipe,Condiments,Moderate,50 mins
821,Watermelon Agua Fresca | Refreshing Mexican Drink,Juices,Easy,15 mins
822,Dahi Kabab | Dahi ke Kabab (Yogurt Kebab),Snacks Recipes,Moderate,8 hrs 15 mins
823,Turmeric Pickle (Haldi Ka Achar),Pickle Recipes,Easy,15 mins
824,Butterscotch Ice Cream | Praline Ice Cream,Dessert Recipes,Moderate,8 hrs 25 mins
825,Sweet Mango Pickle (Aam ka Meetha Achar),Pickle Recipes,Easy,3 d 15 mins
826,Mango Tea (Mango Iced Tea),Beverages,Easy,15 mins
827,Star Gooseberry Pickle,Pickle Recipes,Moderate,20 mins
828,Praline Recipe,Dessert Recipes,Moderate,15 mins
829,Pineapple Smoothie (Healthy 3 Ingredient Recipe),Smoothie,Easy,10 mins
830,Aam Panna Recipe – With Boiled and Roasted Mangoes,Beverages,Moderate,20 mins
831,Mint Juice (Pudina Juice),Juices,Easy,10 mins
832,Tutti Frutti Ice Cream,Dessert Recipes,Easy,15 mins
833,Red Chili Pickle (Lal Mirch Ka Achar),Pickle Recipes,Easy,20 mins
834,Mango Ice Cream (2 Easy Variations),Dessert Recipes,Easy,30 mins
835,Paneer Manchurian (2 Ways),Indo Chinese Recipes,Moderate,30 mins
836,Blueberry Juice,Juices,Easy,20 mins
837,Moong Dal Recipe | Moong Dal Fry and Tadka,Dal (Lentils) & Legumes,Moderate,35 mins
838,Strawberry Ice Cream,Dessert Recipes,Moderate,15 mins
839,Coconut Ladoo | Nariyal ke Laddu,Ladoo Recipes,Moderate,15 mins
840,Chocolate Chip Ice Cream,Dessert Recipes,Easy,10 mins
841,Carrot Juice Recipe | Juicing Carrots in Blender and Juicer,Juices,Easy,10 mins
842,Paneer Roll Recipe | Paneer Kathi Roll | Paneer Wrap,Street Food Recipes,Moderate,55 mins
843,Beetroot Halwa,Halwa,Moderate,1 hr 15 mins
844,Aloo Paneer Recipe,Curry Recipes,Moderate,40 mins
845,Bottle Gourd Curry (Lauki Curry),Curry Recipes,Moderate,20 mins
846,Mint Tea (Pudina Tea),Beverages,Easy,11 mins
847,Mango Pickle | Punjabi Aam ka Achar Recipe,Pickle Recipes,Moderate,4 d 15 mins
848,Kashmiri Biryani (With Vegetables),Kashmiri Recipes,Moderate,1 hr 10 mins
849,Mushroom Fry (Goan Style),Mushroom Recipes,Easy,30 mins
850,Baby Corn Jalfrezi,Vegetable Recipes,Moderate,30 mins
851,Chocolate Ice Cream Recipe,Dessert Recipes,Easy,10 mins
852,Fig Smoothie | Banana Fig Smoothie,Smoothie,Easy,10 mins
853,Muhammara Recipe (Roasted Red Pepper Dip),Condiments,Moderate,20 mins
854,Trifle Recipe | Trifle Pudding | Fruit Trifle,Dessert Recipes,Easy,30 mins
855,Applesauce Cake Recipe,Cake Recipes,Easy,50 mins
856,Pull Apart Garlic Bread | Garlic Rolls,Bread Recipes,Moderate,3 hrs 35 mins
857,Udupi Sambar Recipe,South Indian Food,Moderate,50 mins
858,Herbal Tea | Herbal Chai,Beverages,Easy,20 mins
859,Lemon Squash | Lemon Syrup (Without Preservatives),Beverages,Moderate,25 mins
860,Cabbage Vada (Cabbage Vadai),Snacks Recipes,Moderate,5 hrs 35 mins
861,Sesame Chutney | Til Chutney (With Coconut),Chutney Recipes,Moderate,15 mins
862,Coffee Milkshake (With Ice Cream),Milkshake Recipes,Easy,15 mins
863,Mushroom Peas Curry (Batani Curry),Curry Recipes,Moderate,45 mins
864,Orange Muffins Recipe,Dessert Recipes,Moderate,40 mins
865,Pomegranate Smoothie Recipe,Smoothie,Easy,10 mins
866,Karela Fry | Bitter Gourd Fry | Kakarakaya Fry,Vegetable Recipes,Moderate,25 mins
867,Rooh Afza Sharbat | Rooh Afza Drink (Ruabja Sharbat),Beverages,Easy,30 mins
868,Iftar Recipes | Ramadan Recipes | 180 Iftar Food Recipes,DIY & Collections,,
869,Biryani Rice Recipe,Rice Recipes,Moderate,35 mins
870,"Sheer Khurma Recipe (Vermicelli, Milk and Dates Pudding)",Sweets Recipes,Moderate,30 mins
871,Aloo Gobi Matar,Curry Recipes,Moderate,45 mins
872,Onion Raita | Tomato Raita | Onion Tomato Raita,Raita Recipes,Easy,10 mins
873,Litchi Juice (Lychee Juice),Beverages,Easy,15 mins
874,Kulfi Recipe,Dessert Recipes,Moderate,35 mins
875,Mango Panna Cotta,Dessert Recipes,Moderate,30 mins
876,Idli Chaat,Snacks Recipes,Moderate,20 mins
877,Baked Cauliflower Recipe,Cauliflower Recipes,Moderate,45 mins
878,Pistachio Ice Cream (Pista Ice Cream),Dessert Recipes,Easy,20 mins
879,Mango Pudding,Dessert Recipes,Moderate,15 mins
880,Dal Bukhara Recipe,Dal (Lentils) & Legumes,Moderate,10 hrs
881,Masala Rice,Rice Recipes,Moderate,20 mins
882,Pineapple Raita,Raita Recipes,Easy,15 mins
883,Sprouts Salad | Healthy Sprouted Moong Salad,Salad Recipes,Moderate,20 mins
884,Mango Chutney Recipe,Chutney Recipes,Moderate,20 mins
885,Mango Shrikhand (Amrakhand),Sweets Recipes,Moderate,4 hrs 15 mins
886,Pineapple Rasam,South Indian Food,Moderate,45 mins
887,Red Chilli Chutney,Chutney Recipes,Moderate,15 mins
888,Veg Keema Recipe,Vegetable Recipes,Moderate,30 mins
889,Cabbage Thoran | Cabbage Fry,Cabbage Recipes,Moderate,30 mins
890,Kala Chana Chaat,Chickpeas Recipes,Easy,30 mins
891,Pickled Onions (Vinegar Onion),Condiments,Easy,15 mins
892,Mango Cheesecake (No Bake),Cake Recipes,Moderate,47 mins
893,Arachuvitta Sambar,Tamil Nadu Food,Moderate,1 hr 15 mins
894,Oats Smoothie | Oatmeal Smoothie,Smoothie,Easy,15 mins
895,Mahashivratri Vrat | 51 Fasting Recipes For Mahashivratri,Navratri & Fasting Recipes,,
896,Coconut Milk Rice (Coconut Milk Pulao),Rice Recipes,Moderate,40 mins
897,Aloo Kulcha,Indian Breads,Moderate,3 hrs 10 mins
898,Cholar Dal Recipe,Bengali Recipes,Moderate,1 hr
899,Methi Mushroom – Mushroom and Fenugreek (Methi) Curry,Mushroom Recipes,Moderate,1 hr 10 mins
900,Paneer Korma (Paneer Kurma),Paneer Recipes,Moderate,1 hr 20 mins
901,Maa ki Dal | Kali Dal | Black Gram Dal,Dal (Lentils) & Legumes,Moderate,1 hr
902,Aloo Chana Chaat,Street Food Recipes,Moderate,30 mins
903,Solkadhi Recipe | Solkadi (Kokum Curry),Goan Recipes,Easy,40 mins
904,Rajma Pulao | Kidney Beans Pilaf,Rice Recipes,Moderate,9 hrs 35 mins
905,Roasted Tomato Soup,Soup Recipes,Moderate,35 mins
906,Rajma Sundal,Dal (Lentils) & Legumes,Moderate,8 hrs 35 mins
907,Instant Pot Dal Makhani,Instant Pot,Moderate,1 hr
908,Paneer Kheer,Sweets Recipes,Easy,25 mins
909,Paruppu Rasam,South Indian Food,Moderate,30 mins
910,Methi Matar Malai | Creamy Methi Malai Matar,Curry Recipes,Moderate,30 mins
911,Instant Pot Pulao,Instant Pot,Moderate,25 mins
912,Patta Gobhi Recipe | Patta Gobhi ki Sabji,Cabbage Recipes,Moderate,50 mins
913,Amritsari Dal | Langarwali Dal,Dal (Lentils) & Legumes,Moderate,4 hrs 55 mins
914,Muskmelon Juice (Cantaloupe Juice),Juices,Easy,15 mins
915,Palak Biryani | Spinach Biryani,Palak Recipes (Spinach Recipes),Moderate,50 mins
916,Potato Rice | Potato Pulao,Rice Recipes,Moderate,42 mins
917,Paneer Khurchan,Paneer Recipes,Moderate,30 mins
918,Kuttu ka Paratha | Vrat ka Paratha | Kuttu ki Roti,Navratri & Fasting Recipes,Moderate,40 mins
919,Strawberry Jam Recipe (Without Pectin),Condiments,Moderate,1 hr
920,Maa Chole Ki Dal (Curried Mixed Lentils),Dal (Lentils) & Legumes,Moderate,50 mins
921,Bengali Khichdi | Khichuri Recipe,Bengali Recipes,Moderate,45 mins
922,Methi Malai Paneer,Paneer Recipes,Moderate,50 mins
923,pudina pachadi | pudina coconut chutney,Chutney Recipes,Moderate,20 mins
924,Tomato Cucumber Sandwich,Bread Snacks,Easy,15 mins
925,Capsicum Rice | Bell Pepper Rice | Capsicum Pulao,Rice Recipes,Easy,35 mins
926,Tomato Sambar (Thakkali Sambar),Tamil Nadu Food,Moderate,40 mins
927,Cabbage Paratha (Stuffed Cabbage Flatbread),Cabbage Recipes,Moderate,50 mins
928,Eggless Vanilla Cake Recipe (Soft and Moist),Cake Recipes,Easy,50 mins
929,Puri For Pani Puri | Suji Ke Golgappe,Street Food Recipes,Moderate,1 hr 15 mins
930,Strawberry Cake Recipe,Cake Recipes,Moderate,1 hr 30 mins
931,Donut Recipe | Chocolate Donut | Eggless Donut,Bread Recipes,Moderate,1 hr 40 mins
932,Palak Chole | Spinach with Chickpeas,Chickpeas Recipes,Moderate,8 hrs 45 mins
933,Fruit Cream Recipe (Cream Fruit Salad),Dessert Recipes,Easy,15 mins
934,Garam Masala Recipe | Homemade Garam Masala Powder,Spice Mix,Easy,15 mins
935,Tandoori Roti (Butter Roti) – 2 Ways,Indian Breads,Moderate,1 hr 10 mins
936,Eggless Fruit Cake | Christmas Cake Recipe,Cake Recipes,Moderate,1 d 1 hr 15 mins
937,"Plum Cake Recipe (No Eggs, No Alcohol, Whole Wheat)",Cake Recipes,Moderate,1 d 1 hr 30 mins
938,Mooli Thepla,Indian Breads,Easy,50 mins
939,Coriander Powder | Ground Coriander (Dhaniya Powder),Spice Mix,Easy,15 mins
940,Quinoa Upma,Breakfast Recipes,Moderate,30 mins
941,Makki Ki Roti (Maize Flour Flatbread),Indian Breads,Moderate,40 mins
942,Kadai Paneer Recipe in 30 Minutes,Paneer Recipes,Moderate,30 mins
943,Chimichanga Recipe,Mexican Recipes,Moderate,50 mins
944,Hot Chocolate Recipe,Beverages,Easy,15 mins
945,Biscuit Cake | Chocolate Biscuit Cake,Cake Recipes,Easy,20 mins
946,Mushroom Soup | Cream of Mushroom Soup,Soup Recipes,Moderate,30 mins
947,Tomato Omelette Recipe,Breakfast Recipes,Moderate,30 mins
948,Fruit Custard | Easy Healthy  Fruit Custard Recipe,Dessert Recipes,Easy,30 mins
949,Chilli Mushroom (Stovetop & Instant Pot),Indo Chinese Recipes,Moderate,40 mins
950,Burrito Recipe,Mexican Recipes,Moderate,40 mins
951,Akki Roti (2 Ways) | Akki Rotti | Rice Roti,Indian Breads,Moderate,45 mins
952,Fettuccine Alfredo Recipe (Alfredo Pasta),Pasta Recipes,Moderate,30 mins
953,Pound Cake,Cake Recipes,Easy,1 hr
954,Cooker Cake (Eggless),Cake Recipes,Moderate,1 hr
955,Banana Muffins,Dessert Recipes,Easy,45 mins
956,Butter Cookies,Cookies,Moderate,1 hr 5 mins
957,Jalebi Recipe | Best Homemade Jalebi Recipe,Sweets Recipes,Moderate,15 hrs 45 mins
958,Sandesh Recipe,Bengali Recipes,Moderate,55 mins
959,Rasgulla Recipe | How to make Soft Rasgulla,Sweets Recipes,Moderate,40 mins
960,Peda Recipe | Doodh Peda | Milk Peda,Sweets Recipes,Moderate,15 mins
961,Club Sandwich,Snacks Recipes,Moderate,40 mins
962,Rabdi Recipe | Rabri – Sweet Thickened Milk,Sweets Recipes,Moderate,1 hr 20 mins
963,Chole Paneer | Cottage Cheese with Chickpeas,Chickpeas Recipes,Moderate,8 hrs 30 mins
964,Boondi Laddu | Boondi ke Ladoo,Ladoo Recipes,Difficult,35 mins
965,Sambar Powder | Homemade Sambar Masala (Sambar Podi),Spice Mix,Moderate,30 mins
966,Besan ka Halwa,Halwa,Moderate,30 mins
967,Ambur Biryani (with mushrooms),Rice Recipes,Moderate,1 hr
968,Matar Makhana Curry,Curry Recipes,Moderate,55 mins
969,Aloo Raita | Potato Raita,Raita Recipes,Easy,20 mins
970,Masala Raita,Raita Recipes,Easy,5 mins
971,Basundi Recipe,Sweets Recipes,Easy,25 mins
972,Boondi Raita,Raita Recipes,Easy,20 mins
973,Kaju Curry | Kaju Masala,Curry Recipes,Moderate,1 hr
974,Shami Kabab | Veg Shami Kebab,Snacks Recipes,Moderate,7 hrs 30 mins
975,Gujarati Kadhi | How to make Gujarati Kadhi,Gujarati Recipes,Moderate,20 mins
976,Hotel Style Onion Rava Dosa,Breakfast Recipes,Easy,45 mins
977,Pudina Paratha | Mint Flatbreads,Indian Breads,Moderate,1 hr 5 mins
978,Paneer Curry Recipe,Paneer Recipes,Moderate,45 mins
979,Broccoli Paratha | Broccoli Flatbreads,Indian Breads,Easy,1 hr
980,Baingan ki Sabji | Aloo Baingan ki Sabji,Brinjal Recipes,Easy,45 mins
981,Chana Dal Khichdi,Rice Recipes,Moderate,50 mins
982,Chikoo Milkshake | Sapota Shake,Milkshake Recipes,Easy,10 mins
983,Tomato Pappu | Tomato Dal,Dal (Lentils) & Legumes,Moderate,30 mins
984,Shahi Tukda | Shahi Tukra (Mughlai Dessert),Sweets Recipes,Moderate,1 hr 30 mins
985,Neer Dosa | Neer Dose (Soft Rice Crepes),Breakfast Recipes,Moderate,5 hrs 30 mins
986,Aloo Chole ki sabji | Chickpea and Potato Curry,Chickpeas Recipes,Easy,9 hrs 45 mins
987,Lauki ka Paratha | Bottle Gourd Flatbread,Indian Breads,Moderate,45 mins
988,Khaman Dhokla Recipe | Khaman Recipe,Gujarati Recipes,Easy,20 mins
989,Tomato Sabji | Tomato Bhaji,Vegetable Recipes,Easy,30 mins
990,Cheese Biscuits | Cheddar Biscuits,Cookies,Easy,45 mins
991,Green Pulao | Chutney Pulao,Rice Recipes,Moderate,45 mins
992,Carrot Paratha | Gajar ka Paratha,Indian Breads,Easy,30 mins
993,Banana Smoothie,Smoothie,Easy,10 mins
994,Rajgira Paratha | Amaranth Roti,Navratri & Fasting Recipes,Moderate,40 mins
995,Sabudana Thalipeeth | Sabudana Roti,Navratri & Fasting Recipes,Moderate,8 hrs 30 mins
996,Lemon Muffins (Eggless & Whole Wheat),Dessert Recipes,Easy,40 mins
997,Yakhni Pulao,Rice Recipes,Moderate,45 mins
998,Beetroot Raita,Raita Recipes,Easy,20 mins
999,Bread Roll,Bread Snacks,Moderate,50 mins
1000,Chana Biryani | Chickpea Biryani,Chickpeas Recipes,Moderate,1 hr 15 mins
1001,Gobi Manchurian (Dry and Gravy),Indo Chinese Recipes,Moderate,1 hr
1002,Aloo Palak (Spinach Curry with Potatoes),Palak Recipes (Spinach Recipes),Moderate,45 mins
1003,Tomato Biryani,South Indian Food,Moderate,50 mins
1004,Paneer Makhanwala,Paneer Recipes,Moderate,45 mins
1005,Punjabi Poora Recipe | Sweet Pooda,Punjabi Recipes,Moderate,30 mins
1006,Spring Rolls | Crispy Veg Spring Roll Recipe,World Recipes,Moderate,45 mins
1007,Mathri Recipe (Mathiya or Mathari),Evening Snacks,Moderate,1 hr 10 mins
1008,Chocolate Pudding Recipe,Dessert Recipes,Easy,15 mins
1009,Masaledar Poori | Masala Poori,Indian Breads,Moderate,1 hr 5 mins
1010,Papdi Chaat Recipe | Papri Chaat (Street Style),Snacks Recipes,Moderate,9 hrs 20 mins
1011,Corn Pulao | Corn Rice,Rice Recipes,Moderate,35 mins
1012,Masala Paratha,Indian Breads,Moderate,1 hr
1013,Bombay Biryani | Mumbai Biryani,Rice Recipes,Moderate,1 hr 30 mins
1014,Kadala Curry | Kadala Kari,Chickpeas Recipes,Moderate,8 hrs 55 mins
1015,Matar Paratha | Green Peas Flatbread,Peas Recipes,Moderate,1 hr
1016,Tomato Pulao | Tomato Pilaf,Rice Recipes,Moderate,50 mins
1017,Palak Mushroom,Palak Recipes (Spinach Recipes),Moderate,45 mins
1018,Chow Mein | Veg Chowmein Recipe,Indo Chinese Recipes,Moderate,50 mins
1019,Soya Chunks Fry | Meal Maker Fry,Curry Recipes,Moderate,40 mins
1020,Mawa Cake (Eggless & Whole Wheat),Cake Recipes,Moderate,1 hr 5 mins
1021,Paneer Pulao | One Pot Easy Paneer Rice,Paneer Recipes,Moderate,50 mins
1022,Chilli Garlic Noodles | Asian Garlic Noodles,World Recipes,Easy,25 mins
1023,Ragi Recipes | Ragi Benefits,DIY & Collections,,
1024,Khada Pav Bhaji,Street Food Recipes,Moderate,1 hr
1025,Palak Khichdi (Spinach Khichdi),Rice Recipes,Moderate,40 mins
1026,Pizza Sandwich,Bread Snacks,Easy,25 mins
1027,Masala Chai | Indian Masala Tea,Beverages,Easy,10 mins
1028,Paneer Jalfrezi Recipe,Paneer Recipes,Moderate,40 mins
1029,Malpua Recipe (Quick Version),Sweets Recipes,Moderate,1 hr
1030,Tutti Frutti Cake,Cake Recipes,Easy,50 mins
1031,Appam (Rice & Coconut Hoppers),Kerala Recipes,Moderate,5 hrs 45 mins
1032,Broccoli Stir Fry,Vegetable Recipes,Easy,25 mins
1033,Paneer Cutlet,Paneer Recipes,Moderate,40 mins
1034,Jaggery Rice,Rice Recipes,Moderate,40 mins
1035,Pani Puri,Street Food Recipes,Easy,35 mins
1036,Mushroom Rice,Rice Recipes,Easy,45 mins
1037,Avocado Sandwich | Guacamole Sandwich,Bread Snacks,Easy,25 mins
1038,Rava Cake | Suji ka Cake,Cake Recipes,Easy,50 mins
1039,Nimbu Pani Recipe | Shikanji,Beverages,Easy,5 mins
1040,Missi Roti,Indian Breads,Easy,30 mins
1041,Matar Kachori,Street Food Recipes,Moderate,1 hr
1042,Khamang Kakdi (Maharashtrian Cucumber Salad),Salad Recipes,Easy,15 mins
1043,Dhingri Dolma – Awadhi Style Dhingri (Mushroom),Mushroom Recipes,Easy,40 mins
1044,Gajar Matar ki Sabji (Carrots and Green Peas),Peas Recipes,Moderate,30 mins
1045,Beetroot Paratha | Beetroot Flatbread,Breakfast Recipes,Easy,1 hr
1046,Moong Dal Dhokla,Gujarati Recipes,Moderate,6 hrs 25 mins
1047,Cilantro Mint Chutney,Chutney Recipes,Easy,15 mins
1048,Instant Pot Aloo Gobi,Instant Pot,Moderate,23 mins
1049,Paneer Pav Bhaji,Street Food Recipes,Moderate,40 mins
1050,Ragda Recipe,Street Food Recipes,Moderate,8 hrs 30 mins
1051,Lauki Chana Dal,Curry Recipes,Moderate,50 mins
1052,Bhel Puri (Mumbai Street Style),Street Food Recipes,Easy,30 mins
1053,Masala Sandwich,Bread Snacks,Moderate,50 mins
1054,Vegetable Salad Recipe,Salad Recipes,Easy,15 mins
1055,Corn Cutlet | Corn Patties,Snacks Recipes,Moderate,50 mins
1056,Farali Pattice,Navratri & Fasting Recipes,Moderate,1 hr
1057,Makhane ki Kheer,Navratri & Fasting Recipes,Moderate,35 mins
1058,Fruit Chaat,Street Food Recipes,Easy,30 mins
1059,Singhare ki Poori for Ekadasi Vrat,Navratri & Fasting Recipes,Difficult,50 mins
1060,Dahi Puri,Street Food Recipes,Moderate,45 mins
1061,Ganesh Chaturthi Sweet  Recipes,Sweets Recipes,,
1062,Chocolate Sandwich,Bread Snacks,Easy,15 mins
1063,Dahi Bhindi (Okra in Yogurt Sauce),Gluten Free Recipes,Moderate,35 mins
1064,Paneer Patties | Paneer Tikki,No Onion No Garlic Recipes,Moderate,45 mins
1065,Easy Hummus Recipe (With Sesame Seeds),Condiments,Easy,30 mins
1066,Chocolate Modak,Sweets Recipes,Moderate,17 mins
1067,Navratan Korma,Curry Recipes,Moderate,1 hr 10 mins
1068,Wheat Dosa | Godhuma Dosa | Atta Dosa,Breakfast Recipes,Moderate,25 mins
1069,Mushroom Pulao,Mushroom Recipes,Moderate,45 mins
1070,Rava Modak | Easy Semolina Modak,Sweets Recipes,Moderate,30 mins
1071,Kaddu ki Sabji | Easy Pumpkin Recipe,Navratri & Fasting Recipes,Moderate,35 mins
1072,Misal Pav (Misal Recipe),Maharashtrian Recipes,Moderate,1 hr
1073,Begun Bhaja (Baingan Bhaja),Brinjal Recipes,Easy,30 mins
1074,Fried Modak,Sweets Recipes,Moderate,1 hr
1075,Roti Recipe | Chapati Recipe | Phulka Recipe (3 Ways),Indian Breads,Moderate,1 hr 10 mins
1076,Veg Kadai Recipe,Curry Recipes,Moderate,1 hr
1077,7 Cups Sweet | Easy 7 Cup Burfi | 7 Cup Cake,Sweets Recipes,Moderate,30 mins
1078,Rava Dhokla | Suji ka Dhokla,Gujarati Recipes,Moderate,35 mins
1079,Masala Puri,Street Food Recipes,Moderate,9 hrs 20 mins
1080,Burnt Garlic Fried Rice,Indo Chinese Recipes,Moderate,42 mins
1081,Sweet Corn Soup,Soup Recipes,Moderate,30 mins
1082,Ragi Mudde (Healthy Finger Millet Balls),Karnataka Recipes,Moderate,20 mins
1083,Chocolate Covered Strawberries,Dessert Recipes,Moderate,15 mins
1084,Phirni Recipe | Firni,Sweets Recipes,Easy,30 mins
1085,Cheese Sandwich | Tasty Grilled Cheese Sandwich (2 Ways),World Recipes,Easy,20 mins
1086,Aloo Gobi (2 Ways) | Aloo Gobi ki Sabji & Curr,Vegetable Recipes,Easy,1 hr
1087,How to Make Ghee | Homemade Ghee Recipe,DIY & Collections,Easy,25 mins
1088,Kala Chana Recipe | Punjabi Kala Chana Curry,Dal (Lentils) & Legumes,Moderate,9 hrs 30 mins
1089,Homemade Bread | White Bread,Bread Recipes,Easy,1 hr 50 mins
1090,Minestrone Soup,Soup Recipes,Moderate,1 hr
1091,Homemade Salsa Recipe | Tomato Salsa,Vegan Recipes,Easy,5 mins
1092,Mushroom Noodles,Indo Chinese Recipes,Moderate,25 mins
1093,Drumstick Sambar (Murungakkai Sambar),Tamil Nadu Food,Moderate,40 mins
1094,Capsicum Curry | Capsicum Masala,Capsicum Recipes,Moderate,1 hr
1095,Saffron Rice Recipe | Yellow Rice (Indian Style),Rice Recipes,Moderate,40 mins
1096,How to Make Butter,DIY & Collections,Easy,20 mins
1097,Carrot Soup,Soup Recipes,Easy,30 mins
1098,Spinach Wraps (Spinach Rolls),Palak Recipes (Spinach Recipes),Moderate,1 hr 10 mins
1099,Mysore Bonda | Mysore Bajji | Bonda Recipe,Snacks Recipes,Moderate,8 hrs 30 mins
1100,Chocolate Avocado Mousse,Dessert Recipes,Easy,15 mins
1101,Aloo Chaat (Easy Potato Snack),Street Food Recipes,Easy,15 mins
1102,Poha Dosa | Atukula Dosa,Breakfast Recipes,Moderate,7 hrs 50 mins
1103,Chana Masala | Chole Recipe | Chole Masala,Chickpeas Recipes,Moderate,9 hrs 45 mins
1104,Methi Paneer,Paneer Recipes,Moderate,45 mins
1105,Blueberry Muffins (With Whole Wheat Flour),Dessert Recipes,Easy,30 mins
1106,Sweet Paratha (Sugar Paratha),North Indian Food,Moderate,1 hr
1107,Instant Pot Chana Masala,Instant Pot,Easy,8 hrs 45 mins
1108,Mixed Dal Dosa | How to make Mix Dal Dosa,Breakfast Recipes,Moderate,7 hrs 30 mins
1109,Palak Corn – Spinach Corn Curry,Palak Recipes (Spinach Recipes),Moderate,45 mins
1110,Hot and Sour Soup,Soup Recipes,Easy,30 mins
1111,Pindi Chole | Pindi Chana,Chickpeas Recipes,Moderate,8 hrs 30 mins
1112,Apple Muffins,Dessert Recipes,Easy,40 mins
1113,Paneer Bhurji Gravy,Paneer Recipes,Easy,25 mins
1114,Mooli ki Sabji | Mooli Bhurji | Easy Radish Recipe,Vegetable Recipes,Moderate,20 mins
1115,Karela Recipe (Bitter gourd Curry),Vegetable Recipes,Moderate,30 mins
1116,Chana Pulao (Indian Chickpea Rice),Chickpeas Recipes,Moderate,50 mins
1117,Apple Halwa (Indian Apple Pudding),Halwa,Moderate,45 mins
1118,Kadhi Recipe | Punjabi Kadhi Pakora,Punjabi Recipes,Moderate,1 hr 10 mins
1119,Tomato Bath (Karnataka Style),Karnataka Recipes,Moderate,40 mins
1120,Brinjal Sambar | Kathirikai Sambar,Brinjal Recipes,Moderate,50 mins
1121,Semiya Upma | Vermicelli Upma (Easy Vermicelli Recipe),Breakfast Recipes,Moderate,25 mins
1122,Chana Chaat (White Chickpea Chaat Snack),Snacks Recipes,Moderate,5 mins
1123,Suji ka Halwa |  Sheera Recipe,Halwa,Easy,15 mins
1124,Lauki Halwa (Bottle Gourd Halwa),Halwa,Moderate,1 hr
1125,Seviyan Kheer (Vermicelli Kheer),Sweets Recipes,Easy,20 mins
1126,Motichur Laddu Recipe,Ladoo Recipes,Moderate,30 mins
1127,Samosa | Best Punjabi Aloo Samosa Recipe,Snacks Recipes,Moderate,1 hr 30 mins
1128,Methi Dal (Fenugreek with Lentils),Dal (Lentils) & Legumes,Moderate,35 mins
1129,Bharwa Karela | Stuffed Bitter Gourd,Vegetable Recipes,Moderate,1 hr
1130,Sabudana Tikki | Sabudana Cutlet,Navratri & Fasting Recipes,Easy,5 hrs 20 mins
1131,Paneer Fried Rice,Rice Recipes,Moderate,50 mins
1132,Naan Recipe | Easy No Yeast Soft Naan Bread,Indian Breads,Moderate,2 hrs 50 mins
1133,Beans Poriyal Recipe (Green Beans with Coconut),Tamil Nadu Food,Moderate,30 mins
1134,Dry Fruits Name in English and Hindi,DIY & Collections,,
1135,Kurkuri Bhindi | Bhindi Fry (Okra Fry),Okra Recipes,Moderate,1 hr
1136,Ajwain Paratha (Carom Seeds Flatbread),Indian Breads,Easy,50 mins
1137,Mullangi Sambar | Radish Sambar,Tamil Nadu Food,Moderate,40 mins
1138,Mirchi Pakoda | Mirchi Bhajiya,Pakora Recipes,Moderate,30 mins
1139,How to make Curd | Homemade Indian Yogurt (Dahi Recipe),DIY & Collections,Easy,7 hrs 10 mins
1140,Corn Sandwich,Bread Snacks,Moderate,40 mins
1141,Achari Paneer Tikka,Paneer Recipes,Moderate,1 hr 30 mins
1142,Coriander Rice | Indian Cilantro Rice,Rice Recipes,Moderate,45 mins
1143,Tomato Ketchup | Tomato Sauce,Condiments,Moderate,1 hr 20 mins
1144,Mangalore Buns (Sweet Banana Buns),Indian Breads,Moderate,4 hrs 40 mins
1145,Russian Salad,Salad Recipes,Moderate,20 mins
1146,Bhindi Do Pyaza,Okra Recipes,Moderate,35 mins
1147,Buttered Corn,Snacks Recipes,Moderate,25 mins
1148,Aloo Tuk,Potato Recipes,Moderate,25 mins
1149,"Lentils and Pulses Names in Hindi, English, Tamil, Marathi",DIY & Collections,,
1150,Veg Cutlet Recipe | How to make Vegetable Cutlet,Snacks Recipes,Moderate,45 mins
1151,Panch Phoron (Bengali 5 Spice Mix),Spice Mix,Easy,5 mins
1152,Lachha Paratha (Layered Flatbread),Indian Breads,Moderate,1 hr
1153,Mushroom Fried Rice,Indo Chinese Recipes,Moderate,40 mins
1154,Potato Sandwich | Aloo Sandwich (Grilled),Bread Snacks,Moderate,40 mins
1155,Cabbage Pakoda (Indian Cabbage Fritters),Pakora Recipes,Moderate,30 mins
1156,Ragda Patties | Ragda Pattice,Street Food Recipes,Moderate,50 mins
1157,"Cereals Names in English, Hindi, Marathi, Tamil, Telugu, Kannada",DIY & Collections,,
1158,Idli Recipe | Soft Idli Batter with Tips and Tricks,Breakfast Recipes,Moderate,9 hrs 25 mins
1159,Overnight Oats,Breakfast Recipes,Easy,5 mins
1160,Paneer Paratha,Breakfast Recipes,Moderate,45 mins
1161,Sabudana Khichdi Recipe for Fasting or Vrat,Navratri & Fasting Recipes,Moderate,25 mins
1162,Cheese Paratha | Cheese Flatbread,Breakfast Recipes,Moderate,40 mins
1163,Badam Halwa (Almond Halwa),Halwa,Moderate,1 hr 5 mins
1164,"List of Fruits Name in English, Hindi, Tamil, Marathi",DIY & Collections,,
1165,Soya Biryani | Soya Chunks Biryani,Rice Recipes,Moderate,1 hr 20 mins
1166,Kothimbir Vadi,Snacks Recipes,Moderate,35 mins
1167,Gobi Pakora (Indian Cauliflower Fritters),Pakora Recipes,Moderate,50 mins
1168,Palak Rice | Indian Spinach Rice,Rice Recipes,Moderate,30 mins
1169,Potato Fry Recipe | Aloo Fry (Easy & Quick),Potato Recipes,Easy,40 mins
1170,Bharwa Bhindi (Stuffed Okra),Okra Recipes,Moderate,35 mins
1171,Mayonnaise Sandwich | Veg Mayo Sandwich,Bread Snacks,Easy,15 mins
1172,Tamarind Rasam | Puli Rasam,South Indian Food,Moderate,45 mins
1173,Mooli Paratha (Radish Stuffed Flatbread),Breakfast Recipes,Moderate,1 hr
1174,Thai Curry Recipe | Veg Thai Red Curry with Vegetables,Thai Recipes,Moderate,40 mins
1175,Kesari Recipe | Best Rava Kesari Recipe,Halwa,Moderate,25 mins
1176,Schezwan Fried Rice | Schezwan Rice,Rice Recipes,Easy,40 mins
1177,Qubani Ka Meetha (Apricot Dessert),Sweets Recipes,Easy,5 hrs 35 mins
1178,"Spices Names in English, Hindi, Tamil, Kannada, Marathi",DIY & Collections,,
1179,Panchmel Dal | Rajasthani Panchratna Dal,Dal (Lentils) & Legumes,Moderate,1 hr 5 mins
1180,Avial Recipe (Aviyal),Kerala Recipes,Moderate,1 hr
1181,Masala Dosa Recipe,Breakfast Recipes,Moderate,9 hrs 30 mins
1182,Tawa Paneer,Paneer Recipes,Moderate,30 mins
1183,Bharwa Baingan (Stuffed Eggplant),Brinjal Recipes,Moderate,30 mins
1184,Easy No Yeast Pizza Dough,Bread Recipes,Easy,2 hrs 30 mins
1185,Gobi Paratha (Cauliflower Stuffed Flatbread),Breakfast Recipes,Moderate,50 mins
1186,Schezwan Sauce | Spicy Szechuan Sauce,Condiments,Moderate,50 mins
1187,Frankie Recipe,Street Food Recipes,Moderate,1 hr
1188,Classic Coconut Chutney & Hotel Style Coconut Chutney (2 Ways),Chutney Recipes,Moderate,15 mins
1189,Mexican Rice (Arroz Rojo) | Spanish Rice,Rice Recipes,Easy,30 mins
1190,Veg Sandwich Recipe (Bombay Sandwich Recipe),Snacks Recipes,Moderate,35 mins
1191,Pineapple Juice Recipe,Juices,Moderate,15 mins
1192,Kashmiri Pulao,Rice Recipes,Moderate,45 mins
1193,Eggless Chocolate Mousse,World Recipes,Easy,20 mins
1194,Tom Kha Soup (Thai Coconut Soup),Soup Recipes,Moderate,30 mins
1195,"Orange Cake (Eggless, Vegan & with Whole Wheat flour)",Cake Recipes,Easy,55 mins
1196,Coleslaw Sandwich,Bread Snacks,Easy,15 mins
1197,Filter Coffee,Beverages,Easy,15 mins
1198,Cheese Balls | Easy Crispy Potato Cheese Ball Recipe,Snacks Recipes,Moderate,45 mins
1199,Chilli Baby Corn,Indo Chinese Recipes,Moderate,45 mins
1200,Paratha Recipe | Indian Flatbread Recipe (Plain Paratha),North Indian Food,Moderate,1 hr 5 mins
1201,Capsicum Chutney | Bell Pepper Chutney,Chutney Recipes,Moderate,15 mins
1202,Falafel Recipe (2 Delicious Variations),Mediterranean Cuisine,Easy,8 hrs 30 mins
1203,Eggless Carrot Cake (Whole Wheat),Cake Recipes,Easy,50 mins
1204,Achari Paneer,Curry Recipes,Moderate,45 mins
1205,Idli Sambar (Hotel Style) | Tiffin Sambar,South Indian Food,Moderate,50 mins
1206,Ginger Tea Recipe (Adrak Chai),Beverages,Easy,15 mins
1207,Orange Juice,Juices,Easy,15 mins
1208,Uttapam Recipe (3 Ways),Breakfast Recipes,Moderate,9 hrs 30 mins
1209,Easy Hara Bhara Kabab Recipe (Pan-fried & Baked Kabab),Snacks Recipes,Moderate,50 mins
1210,Palak Paratha,Breakfast Recipes,Moderate,55 mins
1211,Batata Vada,Street Food Recipes,Moderate,45 mins
1212,Dill Leaves Recipe With Potatoes,Vegetable Recipes,Easy,30 mins
1213,Avocado Toast,Bread Snacks,Easy,15 mins
1214,Paneer Makhani | Easy & Tasty Paneer Makhani Recipe,Paneer Recipes,Moderate,45 mins
1215,Sev Puri (Indian Chaat Snack),Street Food Recipes,Moderate,45 mins
1216,Bread Upma,Bread Snacks,Moderate,30 mins
1217,Dal Paratha (Chana Dal Paratha),Vegan Recipes,Easy,9 hrs 40 mins
1218,Sautéed Mushrooms Recipe,Mushroom Recipes,Easy,25 mins
1219,Gobi 65 Recipe | Fried Cauliflower Snack,Snacks Recipes,Moderate,1 hr 10 mins
1220,Beetroot Pachadi (Beetroot Chutney),Chutney Recipes,Easy,15 mins
1221,Onion Paratha (Stuffed Onion Flatbread),Breakfast Recipes,Easy,50 mins
1222,Kanji Recipe (Probiotic Drink),Beverages,Easy,15 mins
1223,Cabbage Chutney  (Cabbage Pachadi),Chutney Recipes,Moderate,25 mins
1224,Strawberry Milkshake,Gluten Free Recipes,Easy,10 mins
1225,Spring Onion Paratha (Scallion Flatbread),Vegan Recipes,Moderate,35 mins
1226,Coconut Rice,Rice Recipes,Moderate,40 mins
1227,Black Forest Cake,Cake Recipes,Moderate,50 mins
1228,Dhaba Dal,Dal (Lentils) & Legumes,Moderate,45 mins
1229,Banana Bajji | Vazhakkai Bajji,Vegan Recipes,Moderate,25 mins
1230,Apple Juice Recipe (2 Flavor Variations),Juices,Easy,10 mins
1231,Mango Lassi,Beverages,Easy,15 mins
1232,Methi Paratha | Punjabi Methi ke Parathe,Breakfast Recipes,Moderate,40 mins
1233,Mango Shake (2 Ways),Milkshake Recipes,Easy,15 mins
1234,Arrabiata Pasta,Pasta Recipes,Easy,30 mins
1235,Soya Chunks Curry | Meal Maker Curry | Soya Chunks Recipe,Curry Recipes,Moderate,40 mins
1236,Aloo Pakora (Indian Potato Fritters),Pakora Recipes,Moderate,25 mins
1237,Spicy Mushroom Biryani and Chettinad Mushroom Biryani (2 Ways),Rice Recipes,Moderate,45 mins
1238,Mango Mousse,World Recipes,Easy,40 mins
1239,Strawberry Smoothie,Vegan Recipes,Easy,5 mins
1240,Oats Dosa (Crispy Oats Crepes),Breakfast Recipes,Moderate,40 mins
1241,Mango Smoothie (5 Ways),World Recipes,Easy,10 mins
1242,Banana Milkshake,Vegan Recipes,Easy,10 mins
1243,Mushroom Do Pyaza (Mushrooms with Onions),Mushroom Recipes,Moderate,25 mins
1244,Dry Fruits Milkshake,Milkshake Recipes,Easy,35 mins
1245,Watermelon Juice Recipe (3 Variations),Juices,Easy,20 mins
1246,Vegetable Pakora,Pakora Recipes,Moderate,30 mins
1247,Gujarati Dal Recipe,Dal (Lentils) & Legumes,Moderate,40 mins
1248,Blueberry Smoothie,Smoothie,Easy,10 mins
1249,Garlic Pickle (Lahsun ka Achar),Pickle Recipes,Moderate,3 d 45 mins
1250,"Lassi Recipe – Sweet, Salted, Masala (3 Flavor Variations)",Beverages,Easy,10 mins
1251,Quick Onion Chutney Recipe | Vengaya Chutney,Chutney Recipes,Easy,20 mins
1252,Mung Bean Sprouts | How to sprout Mung Beans,DIY & Collections,Moderate,2 d
1253,Mix Veg Recipe,Gluten Free Recipes,Moderate,45 mins
1254,Aamras Recipe (Sweet Mango Pulp),Sweets Recipes,Easy,15 mins
1255,Gudi Padwa Recipes,DIY & Collections,,
1256,Ugadi Recipes | 50 Ugadi Festival Recipes,DIY & Collections,,
1257,Coriander Chutney (Cilantro Chutney),Chutney Recipes,Easy,10 mins
1258,Moist Eggless Chocolate Cake (One Bowl),Cake Recipes,Easy,45 mins
1259,Barley Water (Stove-top & Instant Pot),Beverages,Easy,4 hrs 25 mins
1260,Mango Kulfi,Dessert Recipes,Easy,15 mins
1261,Falooda Recipe | Falooda Ice Cream | Faluda,Beverages,Easy,45 mins
1262,Noodles Recipe | Veg Noodles Recipe,Indo Chinese Recipes,Easy,30 mins
1263,Gujiya Recipe (Sweet Fried Pastry),Sweets Recipes,Difficult,1 hr 15 mins
1264,Yam Fry (Suran Fry),Vegetable Recipes,Moderate,35 mins
1265,Thandai Recipe (Flavored Spiced Drink),Beverages,Easy,1 hr 30 mins
1266,Shrikhand Recipe (Sweetened Flavored Yogurt),Sweets Recipes,Easy,15 mins
1267,Mushroom Masala | Mushroom Curry (Punjabi Style),Mushroom Recipes,Easy,50 mins
1268,Healthy Vegetable Soup & Veg Clear Soup (2 Recipes),Soup Recipes,Easy,30 mins
1269,Eggless Chocolate Chip Muffins,Cake Recipes,Easy,30 mins
1270,Quick Oats Idli (Requires No Fermentation),Breakfast Recipes,Moderate,40 mins
1271,Cauliflower Kurma,Cauliflower Recipes,Moderate,45 mins
1272,Brinjal Curry (Baingan Masala),Brinjal Recipes,Moderate,30 mins
1273,Oats Upma (Healthy Savory Oats),Breakfast Recipes,Easy,30 mins
1274,Tomato Rasam  | Thakkali Rasam (Tomato Charu),South Indian Food,Moderate,30 mins
1275,Shimla Mirch Ki Sabji (Aloo Capsicum),Capsicum Recipes,Moderate,30 mins
1276,Beans Recipe (Aloo Beans),Vegetable Recipes,Moderate,35 mins
1277,Green Papaya Salad (Som Tam),Thai Recipes,Easy,15 mins
1278,Strawberry Shortcake,Dessert Recipes,Moderate,50 mins
1279,Spaghetti Bolognese | Mushroom Bolognese,Pasta Recipes,Moderate,1 hr
1280,Ghee Rice,Rice Recipes,Easy,50 mins
1281,Dry Fruits Laddu (Easy Energy Balls),Sweets Recipes,Easy,20 mins
1282,"Holi Recipes | Holi Sweets, Snacks, Drinks",DIY & Collections,,
1283,Schezwan Noodles Recipe,Indo Chinese Recipes,Easy,40 mins
1284,Paneer Biryani,Rice Recipes,Moderate,1 hr 5 mins
1285,Strawberry Milk,World Recipes,Easy,30 mins
1286,Paneer Do Pyaza (Restaurant Style Recipe),Paneer Recipes,Moderate,50 mins
1287,Cauliflower Biryani,Cauliflower Recipes,Moderate,1 hr
1288,"Apple Cake (Eggless, Vegan, Whole Wheat)",Cake Recipes,Easy,1 hr
1289,Sautéed Broccoli | Broccoli Recipe,Vegetable Recipes,Easy,40 mins
1290,Creamed Spinach Recipe,Palak Recipes (Spinach Recipes),Moderate,30 mins
1291,Thepla | Gujarati Methi Thepla Recipe,Videos,Easy,50 mins
1292,Wheat Cake | Atta Cake,Cake Recipes,Easy,50 mins
1293,Peas Pulao Recipe (Easy Matar Pulao),Rice Recipes,Moderate,25 mins
1294,Tomato Pie Recipe,American Recipes,Easy,1 hr
1295,Avocado Shake Recipe,Milkshake Recipes,Easy,10 mins
1296,Semiya Payasam | Vermicelli Payasam,South Indian Food,Easy,20 mins
1297,Lauki ka Raita (Bottle Gourd Raita),Raita Recipes,Easy,25 mins
1298,Cucumber Raita,Raita Recipes,Easy,5 mins
1299,Mix Veg Paratha,Vegan Recipes,Easy,45 mins
1300,Aloo Bhindi – Spiced Potatoes and Okra,Okra Recipes,Easy,40 mins
1301,Carrot Rice,Vegan Recipes,Easy,30 mins
1302,Vegetable Stock (Stovetop & Instant Pot),DIY & Collections,Easy,40 mins
1303,Palak Pakoda (2 Ways),Pakora Recipes,Easy,30 mins
1304,Eggless Banana Pancakes | Healthy Vegan Banana Pancakes,Breakfast Recipes,Easy,25 mins
1305,Pasta Salad,Salad Recipes,Easy,20 mins
1306,Green Tea Recipe,World Recipes,Easy,8 mins
1307,Paneer Pakora | Crispy Paneer Pakoda,Pakora Recipes,Easy,25 mins
1308,Veg Kurma Recipe | 2 Tasty Vegetable Korma Recipes,Vegan Recipes,Moderate,45 mins
1309,Margherita Pizza Recipe,Bread Recipes,Easy,1 hr 20 mins
1310,Burger Recipe | Veggie Burger,World Recipes,Moderate,50 mins
1311,Bhindi ki Sabji | Easy Bhindi Sabzi,Okra Recipes,Easy,40 mins
1312,Moru Curry | Pulissery Recipe,Kerala Recipes,Easy,25 mins
1313,Methi Pulao | Methi Rice,Rice Recipes,Easy,45 mins
1314,Potato Curry | Aloo Curry,Potato Recipes,Easy,25 mins
1315,Apple Pie Recipe (Eggless & Vegan),Dessert Recipes,Moderate,1 hr
1316,Brinjal Pakora (Eggplant Fritters),Pakora Recipes,Easy,30 mins
1317,Corn Salsa,Mexican Recipes,Easy,15 mins
1318,20 Popular Indian Dinner Recipes | Lunch recipes,DIY & Collections,,
1319,30 Indian Vegetarian Party Snacks and Starter Recipes,Snacks Recipes,,
1320,Mushroom Pasta,Pasta Recipes,Moderate,30 mins
1321,Poha Recipe | Kanda Poha Recipe for Breakfast,Breakfast Recipes,Easy,30 mins
1322,Veg Mayonnaise (Eggless & Vegan),Condiments,Easy,35 mins
1323,Grilled Sandwich (With Veggies),Snacks Recipes,Easy,50 mins
1324,Javvarisi Payasam | Sago Payasam,South Indian Food,Easy,30 mins
1325,Sabudana Kheer | How to make Sabudana Kheer,Navratri & Fasting Recipes,Easy,35 mins
1326,Poori Recipe | Crispy Fluffy Puri Recipe,Indian Breads,Moderate,40 mins
1327,Easy Apple Salad,Salad Recipes,Easy,10 mins
1328,Pumpkin Puree Recipe,DIY & Collections,Easy,50 mins
1329,How to Make Paneer,Gluten Free Recipes,Easy,15 mins
1330,Pumpkin Pie (Eggless Recipe),Dessert Recipes,Easy,1 hr
1331,All Butter Pie Crust Recipe,World Recipes,Easy,30 mins
1332,Pesarattu Recipe | Crisp Moong Dal Dosa,Vegan Recipes,Easy,4 hrs 30 mins
1333,Thekua Recipe – Indian Fried Cookies,Sweets Recipes,Easy,40 mins
1334,Easy Eggless Chocolate Chip Cookies,World Recipes,Easy,35 mins
1335,Karwa Chauth Recipes | Karwa Chauth Vrat Vidhi & Procedure,North Indian Food,,
1336,Paneer Tikka Masala Recipe (Restaurant Style),Paneer Recipes,Moderate,2 hrs
1337,Chocolate Zucchini Bread,Bread Recipes,Easy,1 hr
1338,Pizza Sauce Recipe,Vegan Recipes,Easy,15 mins
1339,Hakka Noodles | Indo Chinese Hakka Noodles (Vegan),Indo Chinese Recipes,Easy,40 mins
1340,Tamarind chutney | Imli chutney,Chutney Recipes,Easy,4 hrs 12 mins
1341,Dal Makhani,Dal (Lentils) & Legumes,Moderate,9 hrs
1342,Homemade Fried Banana Chips | Raw Banana Wafers,Evening Snacks,,40 mins
1343,Pesto Pasta | Easy Basil Pesto Pasta,Pasta Recipes,Easy,30 mins
1344,Momos Recipe | Dim Sum | Veg Momos,Street Food Recipes,Moderate,1 hr 30 mins
1345,Chocolate Fudge Recipe,Dessert Recipes,Easy,15 mins
1346,Pumpkin Pancakes (Eggless & Whole Wheat),Vegan Recipes,Easy,30 mins
1347,Mac and Cheese,World Recipes,Easy,50 mins
1348,Zucchini Fritters,American Recipes,Easy,40 mins
1349,Varan Bhaat Recipe | Varan Recipe | How to make Varan Bhat,Dal (Lentils) & Legumes,Easy,1 hr
1350,Kadai Mushroom Recipe (3 Ways),Mushroom Recipes,Easy,30 mins
1351,Pita Bread | Whole Wheat Pita Bread (Oven & Stovetop Method),Vegan Recipes,Moderate,2 hrs
1352,Rava Idli | Suji ki Idli,Breakfast Recipes,Easy,47 mins
1353,Dalia Recipe | Dalia Khichdi | Sweet Daliya,Breakfast Recipes,,30 mins
1354,Vangi Bath Recipe | Brinjal Rice (2 Ways),Rice Recipes,,50 mins
1355,Dal Tadka (Restaurant Style Recipe) – Stovetop & Instant Pot,Dal (Lentils) & Legumes,Easy,30 mins
1356,Dum Aloo Recipe (2 Ways) | Kashmiri Dum Aloo & Restaurant Style,Potato Recipes,,50 mins
1357,Hariyali Paneer Tikka (Stovetop and Oven),Gluten Free Recipes,,1 hr
1358,White Sauce Pasta | Béchamel Sauce Pasta -2 Ways,World Recipes,Easy,25 mins
1359,Manchurian Recipe | Indo Chinese Veg Manchurian Recipe,Indo Chinese Recipes,Moderate,1 hr
1360,Tomato Chutney Recipe (2 Ways),Chutney Recipes,Easy,30 mins
1361,Bhatura Recipe (2 Ways) | Instant & No Yeast Bhature,Indian Breads,Moderate,9 hrs
1362,Baby Corn Manchurian Dry and Gravy (2 Ways),Vegan Recipes,Easy,25 mins
1363,Bread Pizza – 2 Ways (On a Skillet or Tawa & In an Oven),World Recipes,Easy,15 mins
1364,Chilli Paneer – 2 Ways,Snacks Recipes,Moderate,30 mins
1365,27 Delicious Chocolate Recipes (Eggless),Dessert Recipes,,
1366,Chocolate Chip Banana Bread,Bread Recipes,Easy,45 mins
1367,Tomato Puree (Homemade & Without Preservatives),Condiments,Easy,25 mins
1368,65 Whole Wheat recipes | Tasty recipes with whole wheat flour (Chapati Atta),DIY & Collections,,
1369,Turmeric Tea Recipe and Benefits,Beverages,,5 mins
1370,Gulgule Recipe (Indian Fried Doughnut),Vegan Recipes,Easy,25 mins
1371,Apple Crumble without Oats,Dessert Recipes,Easy,1 hr
1372,Guacamole Recipe,Condiments,Easy,5 mins
1373,"Chia Pudding (Easy, Vegan & Healthy)",Breakfast Recipes,Easy,2 hrs 5 mins
1374,French Onion Soup,Soup Recipes,Moderate,1 hr 20 mins
1375,Avocado Salad Recipe,Salad Recipes,Easy,15 mins
1376,Paneer Sandwich (2 ways),Paneer Recipes,Easy,15 mins
1377,Potato Salad Recipe,World Recipes,Easy,30 mins
1378,Easy Peach Cobbler (With Whole Wheat Flour Batter),Dessert Recipes,Easy,1 hr
1379,Dulce de Leche – How to make Dulce de Leche,Dessert Recipes,Moderate,2 hrs 50 mins
1380,Kahwa | Kashmiri Kahwa,Beverages,Easy,10 mins
1381,Fluffy Mashed Potatoes,Potato Recipes,Easy,30 mins
1382,"dibba rotti recipe, how to make dibba rotti | minapa rotti",Indian Breads,,4 hrs 30 mins
1383,Basic Eggless Vanilla Custard (Without Custard Powder),Dessert Recipes,Easy,20 mins
1384,kappa puzhukku | kappa vevichathu,Vegetable Recipes,,30 mins
1385,Chana Dal Dhokla | Traditional Gujarati Vati Dal Dhokla,No Onion No Garlic Recipes,Moderate,20 mins
